employee_id,certification_id
"0f85ff59-5ebe-4f03-ad7c-511c43616a2f","e41f927f-04e6-448d-bbaa-b8da92a12748"
"3e62ae0b-59ec-4e3e-bb72-752b20a48e27","72a8c4d0-7136-4b08-a35a-e2ee4260fd83"
"3e62ae0b-59ec-4e3e-bb72-752b20a48e27","439e6939-293c-401e-bd7d-30107e7e8a9b"
"53f5bc46-4145-459d-bdd6-a7d2c3253042","f4282f56-bfdb-4454-8a63-fd70d9e335da"
"53f5bc46-4145-459d-bdd6-a7d2c3253042","ec3d4247-eef5-48d0-a7a5-b389dd5c2b3e"
"36bda089-374e-4427-8356-ad7192e1f431","362cc800-ab0e-405e-928a-24be3174d8c0"
"36bda089-374e-4427-8356-ad7192e1f431","72a8c4d0-7136-4b08-a35a-e2ee4260fd83"
"78032864-7834-4ba6-a3b6-257ca6464b4c","ec3d4247-eef5-48d0-a7a5-b389dd5c2b3e"
"78032864-7834-4ba6-a3b6-257ca6464b4c","439e6939-293c-401e-bd7d-30107e7e8a9b"
"122d3167-a02c-43fa-8c1b-e56bed0e251b","f4282f56-bfdb-4454-8a63-fd70d9e335da"
"880162b2-3cd3-40eb-8503-06f687336abf","e41f927f-04e6-448d-bbaa-b8da92a12748"
"1fdf02ba-06f4-4423-8be2-2a291b9b1243","ec3d4247-eef5-48d0-a7a5-b389dd5c2b3e"
"1fdf02ba-06f4-4423-8be2-2a291b9b1243","72a8c4d0-7136-4b08-a35a-e2ee4260fd83"
"c1c31980-35de-4216-b6d7-ad84ed3dc5d4","362cc800-ab0e-405e-928a-24be3174d8c0"
"8efcc8fd-82a3-418a-9c21-01b71f5c22d9","439e6939-293c-401e-bd7d-30107e7e8a9b"
"8efcc8fd-82a3-418a-9c21-01b71f5c22d9","72a8c4d0-7136-4b08-a35a-e2ee4260fd83"
"f091614e-f777-43e6-a2af-6bee9d5008f5","ec3d4247-eef5-48d0-a7a5-b389dd5c2b3e"
"f091614e-f777-43e6-a2af-6bee9d5008f5","362cc800-ab0e-405e-928a-24be3174d8c0"
"99f25f7a-79b2-482b-9da7-1eb9cacd7fd5","f4282f56-bfdb-4454-8a63-fd70d9e335da"
"99f25f7a-79b2-482b-9da7-1eb9cacd7fd5","439e6939-293c-401e-bd7d-30107e7e8a9b"
"4ebe5642-dc29-45e2-b707-0a0f30961305","362cc800-ab0e-405e-928a-24be3174d8c0"
"4ebe5642-dc29-45e2-b707-0a0f30961305","72a8c4d0-7136-4b08-a35a-e2ee4260fd83"
"2773ace9-5590-4258-b4a2-22147cc08519","439e6939-293c-401e-bd7d-30107e7e8a9b"
"2773ace9-5590-4258-b4a2-22147cc08519","72a8c4d0-7136-4b08-a35a-e2ee4260fd83"
"aeb9f3d2-9be0-404d-9349-123531b0b885","e41f927f-04e6-448d-bbaa-b8da92a12748"
"f9c8cfb2-7d14-4422-8151-48fe3dcb781e","439e6939-293c-401e-bd7d-30107e7e8a9b"
"bde8f001-aa3a-42bd-9ddf-63fdfd993f07","ec3d4247-eef5-48d0-a7a5-b389dd5c2b3e"
"bde8f001-aa3a-42bd-9ddf-63fdfd993f07","f4282f56-bfdb-4454-8a63-fd70d9e335da"
"1914216a-408e-4bac-9e62-532a632a3a9a","439e6939-293c-401e-bd7d-30107e7e8a9b"
"1914216a-408e-4bac-9e62-532a632a3a9a","e41f927f-04e6-448d-bbaa-b8da92a12748"
"828ad10f-bfab-478c-90d7-6b8320d251d6","e41f927f-04e6-448d-bbaa-b8da92a12748"
"828ad10f-bfab-478c-90d7-6b8320d251d6","72a8c4d0-7136-4b08-a35a-e2ee4260fd83"
"3d889aea-4b7e-4319-be5d-ebe1048248e5","439e6939-293c-401e-bd7d-30107e7e8a9b"
"ebcc1606-c3c5-413e-8a97-88fc25f7a6e1","72a8c4d0-7136-4b08-a35a-e2ee4260fd83"
"ddfb44bc-dcff-4693-8aba-b09bb1004b44","e41f927f-04e6-448d-bbaa-b8da92a12748"
"a6541c6b-2f1d-46f4-8eb1-61912ce40a55","362cc800-ab0e-405e-928a-24be3174d8c0"
"a106fed0-59e8-4a4b-a9ce-869bf1129752","f4282f56-bfdb-4454-8a63-fd70d9e335da"
"54151d8a-e678-4aa5-9f59-68935b3d7bd8","f4282f56-bfdb-4454-8a63-fd70d9e335da"
"54151d8a-e678-4aa5-9f59-68935b3d7bd8","e41f927f-04e6-448d-bbaa-b8da92a12748"
"3b662bfb-4381-44e6-8ced-074bfa238daf","ec3d4247-eef5-48d0-a7a5-b389dd5c2b3e"
"b35f6d66-78ab-499a-a632-f2c39383ef3f","362cc800-ab0e-405e-928a-24be3174d8c0"
"b35f6d66-78ab-499a-a632-f2c39383ef3f","439e6939-293c-401e-bd7d-30107e7e8a9b"
"b430cd56-ff4d-42ee-b8d0-0bd41917de24","72a8c4d0-7136-4b08-a35a-e2ee4260fd83"
"b7d7fae6-6a90-4a1b-87c1-3b4d1f19f707","439e6939-293c-401e-bd7d-30107e7e8a9b"
"37b2cec3-2812-49ca-9910-61e60114a3da","f4282f56-bfdb-4454-8a63-fd70d9e335da"
"37b2cec3-2812-49ca-9910-61e60114a3da","362cc800-ab0e-405e-928a-24be3174d8c0"
"3b8ba395-7ece-46a3-b2b6-430223f07f80","f4282f56-bfdb-4454-8a63-fd70d9e335da"
"3b8ba395-7ece-46a3-b2b6-430223f07f80","362cc800-ab0e-405e-928a-24be3174d8c0"
"beb6bc81-c439-43b2-9d2e-18798cfa4880","e41f927f-04e6-448d-bbaa-b8da92a12748"
"beb6bc81-c439-43b2-9d2e-18798cfa4880","ec3d4247-eef5-48d0-a7a5-b389dd5c2b3e"
"c3ad1e67-0ee4-4018-b74e-dbcf495773b1","f4282f56-bfdb-4454-8a63-fd70d9e335da"
"c3ad1e67-0ee4-4018-b74e-dbcf495773b1","ec3d4247-eef5-48d0-a7a5-b389dd5c2b3e"
"557c0c85-dd3a-4943-8da0-e137d979fcc9","72a8c4d0-7136-4b08-a35a-e2ee4260fd83"
"557c0c85-dd3a-4943-8da0-e137d979fcc9","f4282f56-bfdb-4454-8a63-fd70d9e335da"
"bad2ae83-e53b-4225-8b33-250f1482759f","72a8c4d0-7136-4b08-a35a-e2ee4260fd83"
"3aad4cab-05e9-4bc4-847e-7327654a24d3","e41f927f-04e6-448d-bbaa-b8da92a12748"
"3aad4cab-05e9-4bc4-847e-7327654a24d3","362cc800-ab0e-405e-928a-24be3174d8c0"
"6c81ebdc-adc4-4394-ab3a-2b80d7dc3e8c","f4282f56-bfdb-4454-8a63-fd70d9e335da"
"e4857b69-e857-4368-bc8b-73b814acd792","72a8c4d0-7136-4b08-a35a-e2ee4260fd83"
"f869cd65-d7a9-4b7e-a0b5-c5d03d9088fd","ec3d4247-eef5-48d0-a7a5-b389dd5c2b3e"
"37706a06-4a73-4010-bcc4-32476f2603d6","362cc800-ab0e-405e-928a-24be3174d8c0"
"37706a06-4a73-4010-bcc4-32476f2603d6","ec3d4247-eef5-48d0-a7a5-b389dd5c2b3e"
"3b011d3c-945b-47d6-ac66-ea5e3d6fab0b","439e6939-293c-401e-bd7d-30107e7e8a9b"
"e27ee76e-3256-49e4-9230-46795b98b8d8","362cc800-ab0e-405e-928a-24be3174d8c0"
"9796dfac-8251-420b-a9d5-e1627ce93185","ec3d4247-eef5-48d0-a7a5-b389dd5c2b3e"
"9796dfac-8251-420b-a9d5-e1627ce93185","439e6939-293c-401e-bd7d-30107e7e8a9b"
"1937d090-7887-42a1-9cf3-23041b90c0e7","f4282f56-bfdb-4454-8a63-fd70d9e335da"
"79734d15-5c2b-4e77-a484-c37c8a225cd2","72a8c4d0-7136-4b08-a35a-e2ee4260fd83"
"79734d15-5c2b-4e77-a484-c37c8a225cd2","f4282f56-bfdb-4454-8a63-fd70d9e335da"
"559d26a5-7f13-4f44-87e7-39f8b8f33c1a","ec3d4247-eef5-48d0-a7a5-b389dd5c2b3e"
"559d26a5-7f13-4f44-87e7-39f8b8f33c1a","362cc800-ab0e-405e-928a-24be3174d8c0"
"de39fd69-bb9f-4455-b6de-43a4298acb39","f4282f56-bfdb-4454-8a63-fd70d9e335da"
"de39fd69-bb9f-4455-b6de-43a4298acb39","72a8c4d0-7136-4b08-a35a-e2ee4260fd83"
"c6c0e5df-8431-4015-9fb3-8a593ec767cd","439e6939-293c-401e-bd7d-30107e7e8a9b"
"c6c0e5df-8431-4015-9fb3-8a593ec767cd","e41f927f-04e6-448d-bbaa-b8da92a12748"
"6da5c6ee-95ee-4c6d-ba24-bab3adf829c7","f4282f56-bfdb-4454-8a63-fd70d9e335da"
"71cb9a01-e967-41b8-829f-53141ff59e6a","362cc800-ab0e-405e-928a-24be3174d8c0"
"71cb9a01-e967-41b8-829f-53141ff59e6a","f4282f56-bfdb-4454-8a63-fd70d9e335da"
"09636d97-82b1-469f-bfbc-bd8d664d177c","439e6939-293c-401e-bd7d-30107e7e8a9b"
"09636d97-82b1-469f-bfbc-bd8d664d177c","e41f927f-04e6-448d-bbaa-b8da92a12748"
"3a73a879-dbd0-4632-86fb-6b31a9c26dcc","439e6939-293c-401e-bd7d-30107e7e8a9b"
"3a73a879-dbd0-4632-86fb-6b31a9c26dcc","362cc800-ab0e-405e-928a-24be3174d8c0"
"cbf22755-8a11-44a9-b5f8-339ca10d7cb9","439e6939-293c-401e-bd7d-30107e7e8a9b"
"c4299fa1-dd62-4511-a936-0a6d90fedb6f","ec3d4247-eef5-48d0-a7a5-b389dd5c2b3e"
"c4299fa1-dd62-4511-a936-0a6d90fedb6f","439e6939-293c-401e-bd7d-30107e7e8a9b"
"3a02087a-7657-4830-ac7d-f516cd3d69c7","72a8c4d0-7136-4b08-a35a-e2ee4260fd83"
"3a02087a-7657-4830-ac7d-f516cd3d69c7","ec3d4247-eef5-48d0-a7a5-b389dd5c2b3e"
"d63d8994-0b0d-4592-9e4f-ba85cfb0b368","f4282f56-bfdb-4454-8a63-fd70d9e335da"
"d63d8994-0b0d-4592-9e4f-ba85cfb0b368","ec3d4247-eef5-48d0-a7a5-b389dd5c2b3e"
"fdd2e5fa-a9b1-48d9-a528-0662dea0942b","362cc800-ab0e-405e-928a-24be3174d8c0"
"bd87ede0-7e7d-4bdb-8510-26c09f5dae2e","e41f927f-04e6-448d-bbaa-b8da92a12748"
"4af5920e-ad8b-47e3-9f25-8d0c57dcd124","f4282f56-bfdb-4454-8a63-fd70d9e335da"
"4af5920e-ad8b-47e3-9f25-8d0c57dcd124","72a8c4d0-7136-4b08-a35a-e2ee4260fd83"
"ddc3287f-681d-498a-94c5-5c63f5ae7949","72a8c4d0-7136-4b08-a35a-e2ee4260fd83"
"162d5b95-6ced-46f0-b983-08ecc55e959a","e41f927f-04e6-448d-bbaa-b8da92a12748"
"9b146ba0-f8b0-42e3-8442-df89c2801482","72a8c4d0-7136-4b08-a35a-e2ee4260fd83"
"9b146ba0-f8b0-42e3-8442-df89c2801482","362cc800-ab0e-405e-928a-24be3174d8c0"
"59867df0-684f-418a-bb54-aad81fa1fad4","e41f927f-04e6-448d-bbaa-b8da92a12748"
"c24e0e5d-f8ea-4aec-803f-51aa2e2dbdd5","72a8c4d0-7136-4b08-a35a-e2ee4260fd83"
"b7e7e327-4876-4891-a290-a2449845cd11","362cc800-ab0e-405e-928a-24be3174d8c0"
"b7e7e327-4876-4891-a290-a2449845cd11","439e6939-293c-401e-bd7d-30107e7e8a9b"
"0cd4c914-d72c-4a93-8f4a-498308b8cda9","f4282f56-bfdb-4454-8a63-fd70d9e335da"
"0cd4c914-d72c-4a93-8f4a-498308b8cda9","72a8c4d0-7136-4b08-a35a-e2ee4260fd83"
"18692881-e0b2-4c91-8ae5-eaf246d90082","f4282f56-bfdb-4454-8a63-fd70d9e335da"
"18692881-e0b2-4c91-8ae5-eaf246d90082","ec3d4247-eef5-48d0-a7a5-b389dd5c2b3e"
"00db1357-077c-487a-b350-e5118777cb7a","f4282f56-bfdb-4454-8a63-fd70d9e335da"
"00db1357-077c-487a-b350-e5118777cb7a","439e6939-293c-401e-bd7d-30107e7e8a9b"
"53d15434-6aca-4574-9f7c-36adad157292","362cc800-ab0e-405e-928a-24be3174d8c0"
"fb49935d-4d00-40ce-843b-2b8c287e75d9","e41f927f-04e6-448d-bbaa-b8da92a12748"
"fb49935d-4d00-40ce-843b-2b8c287e75d9","362cc800-ab0e-405e-928a-24be3174d8c0"
"e28bd66a-7696-4812-9bae-aa7e49deeb18","f4282f56-bfdb-4454-8a63-fd70d9e335da"
"cc956651-53d7-4d41-8e36-5311a2544c81","f4282f56-bfdb-4454-8a63-fd70d9e335da"
"8bf9cf2d-92a9-4311-928a-4b86a0c81cd2","439e6939-293c-401e-bd7d-30107e7e8a9b"
"8bf9cf2d-92a9-4311-928a-4b86a0c81cd2","362cc800-ab0e-405e-928a-24be3174d8c0"
"2a8c7253-10d1-46ab-a5e0-89c457321fc9","362cc800-ab0e-405e-928a-24be3174d8c0"
"b893aceb-7b0c-46eb-8c61-4b2e21961b55","439e6939-293c-401e-bd7d-30107e7e8a9b"
"b893aceb-7b0c-46eb-8c61-4b2e21961b55","72a8c4d0-7136-4b08-a35a-e2ee4260fd83"
"86bde83c-5aef-4eac-b121-bfd0b9f0495a","439e6939-293c-401e-bd7d-30107e7e8a9b"
"0ceb39c7-30ac-444b-9288-69179495284a","f4282f56-bfdb-4454-8a63-fd70d9e335da"
"0ceb39c7-30ac-444b-9288-69179495284a","e41f927f-04e6-448d-bbaa-b8da92a12748"
"0542f842-ceed-4ab7-a68f-77a8178c6d06","72a8c4d0-7136-4b08-a35a-e2ee4260fd83"
"ffab286f-0a1a-439e-9a46-6077657c7dbb","ec3d4247-eef5-48d0-a7a5-b389dd5c2b3e"
"ffab286f-0a1a-439e-9a46-6077657c7dbb","e41f927f-04e6-448d-bbaa-b8da92a12748"
"c2188239-606a-495b-8465-36f1b2296b90","72a8c4d0-7136-4b08-a35a-e2ee4260fd83"
"3769316b-8057-47c1-81c3-591e3998b284","f4282f56-bfdb-4454-8a63-fd70d9e335da"
"5182580c-6bb8-4e90-9d64-f19a4b24d479","362cc800-ab0e-405e-928a-24be3174d8c0"
"0955c334-61dd-4bc6-9d0b-c8f8202b3f54","72a8c4d0-7136-4b08-a35a-e2ee4260fd83"
"0955c334-61dd-4bc6-9d0b-c8f8202b3f54","e41f927f-04e6-448d-bbaa-b8da92a12748"
"6b8fe79b-ff66-48c7-be15-0ac5d3acf955","f4282f56-bfdb-4454-8a63-fd70d9e335da"
"6b8fe79b-ff66-48c7-be15-0ac5d3acf955","439e6939-293c-401e-bd7d-30107e7e8a9b"
"4c980594-36cb-498a-aec7-09df87fc6417","ec3d4247-eef5-48d0-a7a5-b389dd5c2b3e"
"4c980594-36cb-498a-aec7-09df87fc6417","439e6939-293c-401e-bd7d-30107e7e8a9b"
"55697554-5f6d-4e62-a7b1-88e768bdaceb","362cc800-ab0e-405e-928a-24be3174d8c0"
"7f99fe7b-acc2-49db-9729-25fc5a713c0e","ec3d4247-eef5-48d0-a7a5-b389dd5c2b3e"
"f67589d1-127a-4fa1-b550-c4982e560908","e41f927f-04e6-448d-bbaa-b8da92a12748"
"a16ca0dd-8306-47ac-9912-6f1ce894fe4f","362cc800-ab0e-405e-928a-24be3174d8c0"
"11a75da4-7629-40f9-9265-c7594e58653b","72a8c4d0-7136-4b08-a35a-e2ee4260fd83"
"11a75da4-7629-40f9-9265-c7594e58653b","f4282f56-bfdb-4454-8a63-fd70d9e335da"
"f5648950-ddb9-45ef-b8d0-51ea33c846c4","362cc800-ab0e-405e-928a-24be3174d8c0"
"f5648950-ddb9-45ef-b8d0-51ea33c846c4","e41f927f-04e6-448d-bbaa-b8da92a12748"
"8afd790d-e621-4af2-a998-c4a080a79f02","72a8c4d0-7136-4b08-a35a-e2ee4260fd83"
"0e065f70-bf9b-4de1-a75f-7c9104aa8f16","ec3d4247-eef5-48d0-a7a5-b389dd5c2b3e"
"9dfe40a7-5d21-4758-bfc0-ca50b89deaf6","439e6939-293c-401e-bd7d-30107e7e8a9b"
"9dfe40a7-5d21-4758-bfc0-ca50b89deaf6","72a8c4d0-7136-4b08-a35a-e2ee4260fd83"
"a27f6bea-3ee4-466d-875a-4aefe296ad55","439e6939-293c-401e-bd7d-30107e7e8a9b"
"e1bed8db-6d6d-4ea5-bb04-ad081e561703","ec3d4247-eef5-48d0-a7a5-b389dd5c2b3e"
"e1bed8db-6d6d-4ea5-bb04-ad081e561703","72a8c4d0-7136-4b08-a35a-e2ee4260fd83"
"6b8cad98-025c-4c03-a479-34ee24e60cf9","72a8c4d0-7136-4b08-a35a-e2ee4260fd83"
"9fa675fd-a393-45aa-ab29-bb6668b4092e","f4282f56-bfdb-4454-8a63-fd70d9e335da"
"9fa675fd-a393-45aa-ab29-bb6668b4092e","439e6939-293c-401e-bd7d-30107e7e8a9b"
"a7eabff0-75d1-4db0-8c9b-147a0ad42086","e41f927f-04e6-448d-bbaa-b8da92a12748"
"a7eabff0-75d1-4db0-8c9b-147a0ad42086","362cc800-ab0e-405e-928a-24be3174d8c0"
"20bf00e3-fc47-4e38-ad7a-035b266fd09b","f4282f56-bfdb-4454-8a63-fd70d9e335da"
"8ddcd169-e0ab-49fe-b6bf-8c8cc413b054","ec3d4247-eef5-48d0-a7a5-b389dd5c2b3e"
"83032db8-475c-4776-aee4-2d976a5fa945","e41f927f-04e6-448d-bbaa-b8da92a12748"
"75b98ad9-4056-4a80-bcc9-528b22dd408c","439e6939-293c-401e-bd7d-30107e7e8a9b"
"ead5e1d8-ff3a-4b49-89e8-cc1fb4eef01d","72a8c4d0-7136-4b08-a35a-e2ee4260fd83"
"014a7ac3-e7d1-43b2-9286-9934939764a3","439e6939-293c-401e-bd7d-30107e7e8a9b"
"0d15a0a3-a434-4983-ad5f-4e11dfa185a9","ec3d4247-eef5-48d0-a7a5-b389dd5c2b3e"
"0d15a0a3-a434-4983-ad5f-4e11dfa185a9","72a8c4d0-7136-4b08-a35a-e2ee4260fd83"
"b2988a41-8736-4ff7-ade3-e6c68cbb3125","362cc800-ab0e-405e-928a-24be3174d8c0"
"03cc4248-1fb0-4ef0-8b0b-34d2c9985a82","362cc800-ab0e-405e-928a-24be3174d8c0"
"03cc4248-1fb0-4ef0-8b0b-34d2c9985a82","f4282f56-bfdb-4454-8a63-fd70d9e335da"
"d51c18ea-3ced-47fb-a5b9-297c4e7154f6","439e6939-293c-401e-bd7d-30107e7e8a9b"
"d51c18ea-3ced-47fb-a5b9-297c4e7154f6","f4282f56-bfdb-4454-8a63-fd70d9e335da"
"0bc4d826-e61e-4a4c-9988-e7263043aa68","439e6939-293c-401e-bd7d-30107e7e8a9b"
"0bc4d826-e61e-4a4c-9988-e7263043aa68","ec3d4247-eef5-48d0-a7a5-b389dd5c2b3e"
"1f32f45e-d2ef-41dc-a0c6-ec630be9f0df","ec3d4247-eef5-48d0-a7a5-b389dd5c2b3e"
"98e1ba31-7071-4aa1-994c-4fd06015b1d3","439e6939-293c-401e-bd7d-30107e7e8a9b"
"6a387b9c-d614-429e-a96a-0828fc4d17d1","f4282f56-bfdb-4454-8a63-fd70d9e335da"
"ddc9178c-7cb4-4602-aba1-925f3960871f","362cc800-ab0e-405e-928a-24be3174d8c0"
"7fc857ae-b640-4a11-a2ab-9fd11f9902a8","e41f927f-04e6-448d-bbaa-b8da92a12748"
"7fc857ae-b640-4a11-a2ab-9fd11f9902a8","362cc800-ab0e-405e-928a-24be3174d8c0"
"97f6f069-4788-46fc-9a84-d0c3e05afd82","362cc800-ab0e-405e-928a-24be3174d8c0"
"3e9e423c-89ab-46be-8a51-57911425c17e","362cc800-ab0e-405e-928a-24be3174d8c0"
"e333fa46-2d6a-47d2-b0fe-0526769ee35f","f4282f56-bfdb-4454-8a63-fd70d9e335da"
"e333fa46-2d6a-47d2-b0fe-0526769ee35f","72a8c4d0-7136-4b08-a35a-e2ee4260fd83"
"26298d6d-44e1-4872-9571-418cf5c9b579","362cc800-ab0e-405e-928a-24be3174d8c0"
"26298d6d-44e1-4872-9571-418cf5c9b579","439e6939-293c-401e-bd7d-30107e7e8a9b"
"e666b704-1ed1-4d2f-b4c1-cb06a80a8395","72a8c4d0-7136-4b08-a35a-e2ee4260fd83"
"8777f106-5613-4a25-b13d-d3da4a1e565c","362cc800-ab0e-405e-928a-24be3174d8c0"
"26459dcd-66cc-49c5-9de0-90b80064448c","e41f927f-04e6-448d-bbaa-b8da92a12748"
"26459dcd-66cc-49c5-9de0-90b80064448c","362cc800-ab0e-405e-928a-24be3174d8c0"
"d12977e3-7ec9-4827-92e9-25017472eb58","f4282f56-bfdb-4454-8a63-fd70d9e335da"
"d12977e3-7ec9-4827-92e9-25017472eb58","e41f927f-04e6-448d-bbaa-b8da92a12748"
"7b5e6977-f2df-4db6-bd7e-a01454f43501","ec3d4247-eef5-48d0-a7a5-b389dd5c2b3e"
"7b5e6977-f2df-4db6-bd7e-a01454f43501","f4282f56-bfdb-4454-8a63-fd70d9e335da"
"97b75e37-b72f-4b17-a95c-5eef26c1dca6","e41f927f-04e6-448d-bbaa-b8da92a12748"
"c482393e-95ec-4282-89e3-3f72ccc10571","439e6939-293c-401e-bd7d-30107e7e8a9b"
"a73c8de1-800f-45f9-8474-72fd6a8f37e8","362cc800-ab0e-405e-928a-24be3174d8c0"
"f063199b-fe5c-457a-bd2d-b9f0ab9f0107","ec3d4247-eef5-48d0-a7a5-b389dd5c2b3e"
"f063199b-fe5c-457a-bd2d-b9f0ab9f0107","e41f927f-04e6-448d-bbaa-b8da92a12748"
"bc2096bd-9988-4e05-98d8-b4b400a7e3de","439e6939-293c-401e-bd7d-30107e7e8a9b"
"bc2096bd-9988-4e05-98d8-b4b400a7e3de","72a8c4d0-7136-4b08-a35a-e2ee4260fd83"
"214a1d18-46aa-4bb5-86e6-88ad7d17eab1","f4282f56-bfdb-4454-8a63-fd70d9e335da"
"214a1d18-46aa-4bb5-86e6-88ad7d17eab1","ec3d4247-eef5-48d0-a7a5-b389dd5c2b3e"
"a66110cb-f1fe-4cd9-b264-e8bc5022050a","e41f927f-04e6-448d-bbaa-b8da92a12748"
"a66110cb-f1fe-4cd9-b264-e8bc5022050a","72a8c4d0-7136-4b08-a35a-e2ee4260fd83"
"2e4ca0f3-6e1f-4ce2-bc1d-c4f32d5644b4","f4282f56-bfdb-4454-8a63-fd70d9e335da"
"06ac0a27-0da8-4884-a3c2-bf632e2d42da","362cc800-ab0e-405e-928a-24be3174d8c0"
"06ac0a27-0da8-4884-a3c2-bf632e2d42da","439e6939-293c-401e-bd7d-30107e7e8a9b"
"606c2ce2-0ada-4807-a849-d9657c02903f","362cc800-ab0e-405e-928a-24be3174d8c0"
"4eaf2122-a684-4cd8-b0a2-42842b9a91d1","ec3d4247-eef5-48d0-a7a5-b389dd5c2b3e"
"4eaf2122-a684-4cd8-b0a2-42842b9a91d1","439e6939-293c-401e-bd7d-30107e7e8a9b"
"a825fee1-c9d4-4569-baa4-f4813a0614e0","72a8c4d0-7136-4b08-a35a-e2ee4260fd83"
"a825fee1-c9d4-4569-baa4-f4813a0614e0","f4282f56-bfdb-4454-8a63-fd70d9e335da"
"02585e61-2ae8-48dc-b7ac-93420b49d463","f4282f56-bfdb-4454-8a63-fd70d9e335da"
"f01d7bd4-7fa5-4394-bbdd-5a1027025c26","e41f927f-04e6-448d-bbaa-b8da92a12748"
"20bf9c67-2ad4-4bf5-ba8e-57c966d6cff0","362cc800-ab0e-405e-928a-24be3174d8c0"
"94b419f3-1509-4784-a409-5555bdb59c96","439e6939-293c-401e-bd7d-30107e7e8a9b"
"94b419f3-1509-4784-a409-5555bdb59c96","362cc800-ab0e-405e-928a-24be3174d8c0"
"1344171e-e9b2-444d-9131-a47b7eb9c203","ec3d4247-eef5-48d0-a7a5-b389dd5c2b3e"
"51c87703-4fac-4636-97e7-72265a6de889","362cc800-ab0e-405e-928a-24be3174d8c0"
"51c87703-4fac-4636-97e7-72265a6de889","f4282f56-bfdb-4454-8a63-fd70d9e335da"
"b8d0e46f-a70b-42f6-97ca-e4254036f9df","e41f927f-04e6-448d-bbaa-b8da92a12748"
"623eac92-7e32-4273-8272-500e32b24af8","362cc800-ab0e-405e-928a-24be3174d8c0"
"d27ebee8-1c47-47f9-b8f8-caf741af883c","ec3d4247-eef5-48d0-a7a5-b389dd5c2b3e"
"f0e9fedd-c6b5-41f3-a206-6890580cc66b","362cc800-ab0e-405e-928a-24be3174d8c0"
"f0e9fedd-c6b5-41f3-a206-6890580cc66b","72a8c4d0-7136-4b08-a35a-e2ee4260fd83"
"e62691ff-edcd-4bee-a527-a112915c90de","ec3d4247-eef5-48d0-a7a5-b389dd5c2b3e"
"e62691ff-edcd-4bee-a527-a112915c90de","e41f927f-04e6-448d-bbaa-b8da92a12748"
"7b29909a-8beb-4208-baad-0c5399e2890b","ec3d4247-eef5-48d0-a7a5-b389dd5c2b3e"
"7b29909a-8beb-4208-baad-0c5399e2890b","362cc800-ab0e-405e-928a-24be3174d8c0"
"a9783c6e-fb15-4a38-94fd-83768ba6e18b","ec3d4247-eef5-48d0-a7a5-b389dd5c2b3e"
"83b5edfc-edd5-4d4d-a261-765b13c9b5fc","362cc800-ab0e-405e-928a-24be3174d8c0"
"6f7973fc-c500-4f54-a566-9d156067f4b1","f4282f56-bfdb-4454-8a63-fd70d9e335da"
"6f7973fc-c500-4f54-a566-9d156067f4b1","e41f927f-04e6-448d-bbaa-b8da92a12748"
"ad63a753-cdef-4a40-8922-ccef5be5bb00","362cc800-ab0e-405e-928a-24be3174d8c0"
"ad63a753-cdef-4a40-8922-ccef5be5bb00","72a8c4d0-7136-4b08-a35a-e2ee4260fd83"
"19cf775f-4bd5-4247-b625-082693c800a1","439e6939-293c-401e-bd7d-30107e7e8a9b"
"9a7588f5-cb2a-49e0-a8ac-ce57b05c47d1","439e6939-293c-401e-bd7d-30107e7e8a9b"
"b0ed4118-8198-42de-857c-8fdb1bd67097","e41f927f-04e6-448d-bbaa-b8da92a12748"
"b0ed4118-8198-42de-857c-8fdb1bd67097","ec3d4247-eef5-48d0-a7a5-b389dd5c2b3e"
"954d0cca-5821-4776-a5a1-9d0625161560","ec3d4247-eef5-48d0-a7a5-b389dd5c2b3e"
"954d0cca-5821-4776-a5a1-9d0625161560","e41f927f-04e6-448d-bbaa-b8da92a12748"
"e3b9e783-f1e8-4bdd-bcf5-ae45ca0b7e26","f4282f56-bfdb-4454-8a63-fd70d9e335da"
"7009b208-c887-4ce7-a0a6-97632207c305","ec3d4247-eef5-48d0-a7a5-b389dd5c2b3e"
"6d72d6db-3713-4b4f-baac-2b9434b04fd7","72a8c4d0-7136-4b08-a35a-e2ee4260fd83"
"6d72d6db-3713-4b4f-baac-2b9434b04fd7","e41f927f-04e6-448d-bbaa-b8da92a12748"
"8063e49e-e606-4b4b-bf1d-50163817eeca","f4282f56-bfdb-4454-8a63-fd70d9e335da"
"b252fea6-21a8-40e2-86f2-75f69cb8cee7","362cc800-ab0e-405e-928a-24be3174d8c0"
"b252fea6-21a8-40e2-86f2-75f69cb8cee7","439e6939-293c-401e-bd7d-30107e7e8a9b"
"716e4986-4e8a-41a8-88ae-c53c896a062b","ec3d4247-eef5-48d0-a7a5-b389dd5c2b3e"
"716e4986-4e8a-41a8-88ae-c53c896a062b","72a8c4d0-7136-4b08-a35a-e2ee4260fd83"
"d0ed9d7c-0a79-4097-9046-c3c2a1138291","362cc800-ab0e-405e-928a-24be3174d8c0"
"d0ed9d7c-0a79-4097-9046-c3c2a1138291","439e6939-293c-401e-bd7d-30107e7e8a9b"
"3ef33240-e85e-43fd-92bd-3412e40e438e","e41f927f-04e6-448d-bbaa-b8da92a12748"
"4cf38c61-4973-48ed-b9b3-afb74f42cf1c","362cc800-ab0e-405e-928a-24be3174d8c0"
"4cf38c61-4973-48ed-b9b3-afb74f42cf1c","439e6939-293c-401e-bd7d-30107e7e8a9b"
"3d0e799a-f19a-43f7-b5bd-0a07958f750c","72a8c4d0-7136-4b08-a35a-e2ee4260fd83"
"3d0e799a-f19a-43f7-b5bd-0a07958f750c","439e6939-293c-401e-bd7d-30107e7e8a9b"
"cd7696da-9a30-4404-874d-31cdecfc2fa9","f4282f56-bfdb-4454-8a63-fd70d9e335da"
"50b1e7ea-b5ae-4193-a073-78494564a02e","e41f927f-04e6-448d-bbaa-b8da92a12748"
"50b1e7ea-b5ae-4193-a073-78494564a02e","72a8c4d0-7136-4b08-a35a-e2ee4260fd83"
"81976b01-e2d6-4e6f-a22c-0132e51eae85","ec3d4247-eef5-48d0-a7a5-b389dd5c2b3e"
"81976b01-e2d6-4e6f-a22c-0132e51eae85","439e6939-293c-401e-bd7d-30107e7e8a9b"
"169f4927-7a3b-4214-99cd-810fbd5ccd7b","362cc800-ab0e-405e-928a-24be3174d8c0"
"16f6fd7a-e89a-4d63-a0ed-dea20ded0346","439e6939-293c-401e-bd7d-30107e7e8a9b"
"16f6fd7a-e89a-4d63-a0ed-dea20ded0346","ec3d4247-eef5-48d0-a7a5-b389dd5c2b3e"
"170eb6e4-f666-46da-955a-ae6cbac5e1cc","ec3d4247-eef5-48d0-a7a5-b389dd5c2b3e"
"170eb6e4-f666-46da-955a-ae6cbac5e1cc","72a8c4d0-7136-4b08-a35a-e2ee4260fd83"
"5f760472-dc21-45de-b74d-735cebe923c3","ec3d4247-eef5-48d0-a7a5-b389dd5c2b3e"
"548eabbe-5297-44fe-8a5c-afc4626b8b5e","439e6939-293c-401e-bd7d-30107e7e8a9b"
"b62ca1fe-78ff-4e0d-af0d-564ff5d45b70","362cc800-ab0e-405e-928a-24be3174d8c0"
"b62ca1fe-78ff-4e0d-af0d-564ff5d45b70","439e6939-293c-401e-bd7d-30107e7e8a9b"
"29dc07ac-0629-4d30-8e6a-fd80c31dc5e9","362cc800-ab0e-405e-928a-24be3174d8c0"
"e94fdca3-d2f6-49c7-9e00-3f2c1bde299f","362cc800-ab0e-405e-928a-24be3174d8c0"
"e94fdca3-d2f6-49c7-9e00-3f2c1bde299f","72a8c4d0-7136-4b08-a35a-e2ee4260fd83"
"a34b9f6b-40bb-44f0-9085-45d2d28fea34","72a8c4d0-7136-4b08-a35a-e2ee4260fd83"
"dc75ac3f-917c-4272-abe9-be27d9c98b2a","362cc800-ab0e-405e-928a-24be3174d8c0"
"2a70df8b-50f1-48f1-bff9-36137b514980","72a8c4d0-7136-4b08-a35a-e2ee4260fd83"
"ee708fbb-047a-499a-8003-658cc75a357b","f4282f56-bfdb-4454-8a63-fd70d9e335da"
"b0876fd4-6971-4329-9c4d-a7111146db62","f4282f56-bfdb-4454-8a63-fd70d9e335da"
"192cd790-6ba5-4cc8-b308-8e5281bec503","362cc800-ab0e-405e-928a-24be3174d8c0"
"192cd790-6ba5-4cc8-b308-8e5281bec503","ec3d4247-eef5-48d0-a7a5-b389dd5c2b3e"
"9a46777b-a652-4245-8a24-25f0d31cf552","f4282f56-bfdb-4454-8a63-fd70d9e335da"
"9a46777b-a652-4245-8a24-25f0d31cf552","ec3d4247-eef5-48d0-a7a5-b389dd5c2b3e"
"5df17b5f-29e8-425e-9d4f-75e856e23acd","e41f927f-04e6-448d-bbaa-b8da92a12748"
"5df17b5f-29e8-425e-9d4f-75e856e23acd","f4282f56-bfdb-4454-8a63-fd70d9e335da"
"5b3e33cd-2507-4d9c-a319-0ccef4f73dbd","72a8c4d0-7136-4b08-a35a-e2ee4260fd83"
"6814fa7d-29cf-4aab-b53a-bfbfaa4071a8","f4282f56-bfdb-4454-8a63-fd70d9e335da"
"6814fa7d-29cf-4aab-b53a-bfbfaa4071a8","72a8c4d0-7136-4b08-a35a-e2ee4260fd83"
"d3ccb77e-c5b1-45c0-8699-0ce58d0c6626","72a8c4d0-7136-4b08-a35a-e2ee4260fd83"
"d3ccb77e-c5b1-45c0-8699-0ce58d0c6626","e41f927f-04e6-448d-bbaa-b8da92a12748"
"38fe668b-014e-4a5d-9064-130d64094cba","72a8c4d0-7136-4b08-a35a-e2ee4260fd83"
"38fe668b-014e-4a5d-9064-130d64094cba","362cc800-ab0e-405e-928a-24be3174d8c0"
"6d4e137c-d820-476c-b3d3-1f8ce844d35b","362cc800-ab0e-405e-928a-24be3174d8c0"
"6d4e137c-d820-476c-b3d3-1f8ce844d35b","e41f927f-04e6-448d-bbaa-b8da92a12748"
"eef488fe-8da3-4482-aab7-e5c4268e54dd","ec3d4247-eef5-48d0-a7a5-b389dd5c2b3e"
"5ef6599c-e4a9-4936-a26f-cfc5248bdda9","f4282f56-bfdb-4454-8a63-fd70d9e335da"
"ee29192b-343a-40a0-a5c4-fccc3414a243","ec3d4247-eef5-48d0-a7a5-b389dd5c2b3e"
"ee29192b-343a-40a0-a5c4-fccc3414a243","72a8c4d0-7136-4b08-a35a-e2ee4260fd83"
"be0cf79a-56da-4c97-8401-7d8942f5143d","72a8c4d0-7136-4b08-a35a-e2ee4260fd83"
"be0cf79a-56da-4c97-8401-7d8942f5143d","f4282f56-bfdb-4454-8a63-fd70d9e335da"
"2648ea8e-295d-45e3-8f93-dd5a02e40225","439e6939-293c-401e-bd7d-30107e7e8a9b"
"03a0f820-c283-48b6-a20a-caf360af69e9","362cc800-ab0e-405e-928a-24be3174d8c0"
"03a0f820-c283-48b6-a20a-caf360af69e9","ec3d4247-eef5-48d0-a7a5-b389dd5c2b3e"
"9f79fa42-db70-4912-8ab7-1410728137d7","e41f927f-04e6-448d-bbaa-b8da92a12748"
"9f79fa42-db70-4912-8ab7-1410728137d7","439e6939-293c-401e-bd7d-30107e7e8a9b"
"e5264e14-dfb0-431d-a9be-5fd44b54edc0","72a8c4d0-7136-4b08-a35a-e2ee4260fd83"
"a6a46ef8-c0d8-4077-a44b-4b9d9a5b7aee","362cc800-ab0e-405e-928a-24be3174d8c0"
"f1ffae27-daff-4b55-b88a-1f2e2c150708","362cc800-ab0e-405e-928a-24be3174d8c0"
"a1275173-6d2a-497c-b4b8-877f4d677630","439e6939-293c-401e-bd7d-30107e7e8a9b"
"ff6fd92c-834c-4258-b388-7164258218ce","72a8c4d0-7136-4b08-a35a-e2ee4260fd83"
"ff6fd92c-834c-4258-b388-7164258218ce","439e6939-293c-401e-bd7d-30107e7e8a9b"
"b4f0e278-ad61-42cc-8355-e26cb5af1e7f","439e6939-293c-401e-bd7d-30107e7e8a9b"
"ea4c5d63-2178-4802-a064-8a4ba9bd2cda","362cc800-ab0e-405e-928a-24be3174d8c0"
"871711ae-685b-434a-9654-b22295e5e490","f4282f56-bfdb-4454-8a63-fd70d9e335da"
"23930495-7298-4c4b-94fe-79cfcbc19378","72a8c4d0-7136-4b08-a35a-e2ee4260fd83"
"23930495-7298-4c4b-94fe-79cfcbc19378","ec3d4247-eef5-48d0-a7a5-b389dd5c2b3e"
"154206b5-d299-4a72-ace6-44345bb79d01","ec3d4247-eef5-48d0-a7a5-b389dd5c2b3e"
"513346b0-6fbc-49f7-b41a-a0eeefaf7987","439e6939-293c-401e-bd7d-30107e7e8a9b"
"513346b0-6fbc-49f7-b41a-a0eeefaf7987","e41f927f-04e6-448d-bbaa-b8da92a12748"
"91994248-db3d-45f1-a4b5-d73948871594","362cc800-ab0e-405e-928a-24be3174d8c0"
"91994248-db3d-45f1-a4b5-d73948871594","e41f927f-04e6-448d-bbaa-b8da92a12748"
"85f7fe69-cdb0-4a78-b9ce-48fb60caaea1","439e6939-293c-401e-bd7d-30107e7e8a9b"
"678e064e-f9df-48fb-8d4d-65be1d0bf2e7","439e6939-293c-401e-bd7d-30107e7e8a9b"
"678e064e-f9df-48fb-8d4d-65be1d0bf2e7","f4282f56-bfdb-4454-8a63-fd70d9e335da"
"68d4d245-0802-4fbc-9a1d-7b52fdd26028","ec3d4247-eef5-48d0-a7a5-b389dd5c2b3e"
"9931219f-a217-4cf7-b6fc-134f47ec5e91","362cc800-ab0e-405e-928a-24be3174d8c0"
"9931219f-a217-4cf7-b6fc-134f47ec5e91","f4282f56-bfdb-4454-8a63-fd70d9e335da"
"8edd4c9a-462b-4bba-88cd-22cc5b8080ca","439e6939-293c-401e-bd7d-30107e7e8a9b"
"3378e7b7-d27e-4480-bf6c-fcb6e87fe106","439e6939-293c-401e-bd7d-30107e7e8a9b"
"12156f98-965c-4048-88c9-7a5fe0f044d2","362cc800-ab0e-405e-928a-24be3174d8c0"
"4886b118-0002-45d0-a4d4-2361445abbdd","439e6939-293c-401e-bd7d-30107e7e8a9b"
"4886b118-0002-45d0-a4d4-2361445abbdd","f4282f56-bfdb-4454-8a63-fd70d9e335da"
"cae5e593-400b-4998-aac4-6978ca8e26ee","72a8c4d0-7136-4b08-a35a-e2ee4260fd83"
"821d4d9e-e41e-4ab6-beec-7be2628c4c95","72a8c4d0-7136-4b08-a35a-e2ee4260fd83"
"a3024bd0-d28e-47b7-8827-19e20a1f2b7d","439e6939-293c-401e-bd7d-30107e7e8a9b"
"a3024bd0-d28e-47b7-8827-19e20a1f2b7d","f4282f56-bfdb-4454-8a63-fd70d9e335da"
"150341a2-5093-41a4-b27b-ed9cd552ff19","72a8c4d0-7136-4b08-a35a-e2ee4260fd83"
"150341a2-5093-41a4-b27b-ed9cd552ff19","f4282f56-bfdb-4454-8a63-fd70d9e335da"
"3546931d-464a-4c85-a945-7d4a1a3a053c","439e6939-293c-401e-bd7d-30107e7e8a9b"
"3546931d-464a-4c85-a945-7d4a1a3a053c","ec3d4247-eef5-48d0-a7a5-b389dd5c2b3e"
"681f0da8-8f02-4f5e-ba62-8eff296e8f73","ec3d4247-eef5-48d0-a7a5-b389dd5c2b3e"
"681f0da8-8f02-4f5e-ba62-8eff296e8f73","439e6939-293c-401e-bd7d-30107e7e8a9b"
"611f33e1-db8f-401d-a8fc-7893af62c2a1","439e6939-293c-401e-bd7d-30107e7e8a9b"
"611f33e1-db8f-401d-a8fc-7893af62c2a1","72a8c4d0-7136-4b08-a35a-e2ee4260fd83"
"01a1d586-4396-4cea-a75a-1e024b63b45c","362cc800-ab0e-405e-928a-24be3174d8c0"
"01a1d586-4396-4cea-a75a-1e024b63b45c","72a8c4d0-7136-4b08-a35a-e2ee4260fd83"
"d13296f0-8d8d-46ff-b5f7-bcc16a492443","439e6939-293c-401e-bd7d-30107e7e8a9b"
"d13296f0-8d8d-46ff-b5f7-bcc16a492443","72a8c4d0-7136-4b08-a35a-e2ee4260fd83"
"2227ffd9-baf5-4e6f-8b3e-41c4b1d5952a","ec3d4247-eef5-48d0-a7a5-b389dd5c2b3e"
"2227ffd9-baf5-4e6f-8b3e-41c4b1d5952a","362cc800-ab0e-405e-928a-24be3174d8c0"
"6aa3cb30-819b-4ccb-a0f3-d88e7136ed54","439e6939-293c-401e-bd7d-30107e7e8a9b"
"6aa3cb30-819b-4ccb-a0f3-d88e7136ed54","ec3d4247-eef5-48d0-a7a5-b389dd5c2b3e"
"826373d7-ff9d-41c3-ba91-ac193ed0364c","ec3d4247-eef5-48d0-a7a5-b389dd5c2b3e"
"bbf96d61-ef43-4783-84ad-583809c7fa32","e41f927f-04e6-448d-bbaa-b8da92a12748"
"bbf96d61-ef43-4783-84ad-583809c7fa32","72a8c4d0-7136-4b08-a35a-e2ee4260fd83"
"ca8ff068-e5b2-48d9-a44e-28cfc0c05150","439e6939-293c-401e-bd7d-30107e7e8a9b"
"2746e82f-1d35-498f-93a1-6e7c59f5bdbd","362cc800-ab0e-405e-928a-24be3174d8c0"
"2746e82f-1d35-498f-93a1-6e7c59f5bdbd","72a8c4d0-7136-4b08-a35a-e2ee4260fd83"
"f1d3db30-d102-4d3b-af6f-5661ea690f84","439e6939-293c-401e-bd7d-30107e7e8a9b"
"f1d3db30-d102-4d3b-af6f-5661ea690f84","362cc800-ab0e-405e-928a-24be3174d8c0"
"da33c5c1-b375-4642-83eb-5397591d5585","f4282f56-bfdb-4454-8a63-fd70d9e335da"
"cfc0e9b2-687c-4779-8e80-7972afa2cbd2","ec3d4247-eef5-48d0-a7a5-b389dd5c2b3e"
"cfc0e9b2-687c-4779-8e80-7972afa2cbd2","439e6939-293c-401e-bd7d-30107e7e8a9b"
"16ff7c8f-3499-4534-8e66-557ed7f63f05","f4282f56-bfdb-4454-8a63-fd70d9e335da"
"5a819711-4d2e-40b9-ac06-cb9d7647d6d4","72a8c4d0-7136-4b08-a35a-e2ee4260fd83"
"5a819711-4d2e-40b9-ac06-cb9d7647d6d4","ec3d4247-eef5-48d0-a7a5-b389dd5c2b3e"
"0e009091-bef6-4ce5-b5fa-7fc84fddc143","362cc800-ab0e-405e-928a-24be3174d8c0"
"0e009091-bef6-4ce5-b5fa-7fc84fddc143","e41f927f-04e6-448d-bbaa-b8da92a12748"
"4c72a41d-90c5-46b8-a16c-12d8617aa765","e41f927f-04e6-448d-bbaa-b8da92a12748"
"4c72a41d-90c5-46b8-a16c-12d8617aa765","ec3d4247-eef5-48d0-a7a5-b389dd5c2b3e"
"f1bf2cae-cff8-4f45-a757-3a7ff1de4a81","72a8c4d0-7136-4b08-a35a-e2ee4260fd83"
"f1bf2cae-cff8-4f45-a757-3a7ff1de4a81","362cc800-ab0e-405e-928a-24be3174d8c0"
"161471bc-fa36-4e3a-960e-b0cb1c8bfa4f","72a8c4d0-7136-4b08-a35a-e2ee4260fd83"
"b7f0ce7e-04a7-4e27-93b5-c0de1ad89057","e41f927f-04e6-448d-bbaa-b8da92a12748"
"ba8fdb2a-ef42-444f-9bf0-3d7f907315a8","439e6939-293c-401e-bd7d-30107e7e8a9b"
"ba8fdb2a-ef42-444f-9bf0-3d7f907315a8","ec3d4247-eef5-48d0-a7a5-b389dd5c2b3e"
"13dc5044-84da-44e5-b094-ddbb16c3df3d","72a8c4d0-7136-4b08-a35a-e2ee4260fd83"
"13dc5044-84da-44e5-b094-ddbb16c3df3d","f4282f56-bfdb-4454-8a63-fd70d9e335da"
"65412da4-cc0b-424e-a625-b020934c708d","72a8c4d0-7136-4b08-a35a-e2ee4260fd83"
"0b8eafda-791d-4c1e-84fd-9d30fe95c96b","ec3d4247-eef5-48d0-a7a5-b389dd5c2b3e"
"2cf0ed7d-b678-4d54-b7d8-12a8a6d242e2","ec3d4247-eef5-48d0-a7a5-b389dd5c2b3e"
"2cf0ed7d-b678-4d54-b7d8-12a8a6d242e2","e41f927f-04e6-448d-bbaa-b8da92a12748"
"3f278f89-3e57-4640-8650-5d1641f334a8","439e6939-293c-401e-bd7d-30107e7e8a9b"
"3f278f89-3e57-4640-8650-5d1641f334a8","362cc800-ab0e-405e-928a-24be3174d8c0"
"5ff12979-6cf8-4cbb-9ffd-b6731ef03085","362cc800-ab0e-405e-928a-24be3174d8c0"
"5ff12979-6cf8-4cbb-9ffd-b6731ef03085","f4282f56-bfdb-4454-8a63-fd70d9e335da"
"ab2ab13e-434b-46fb-87ca-12426133ad51","72a8c4d0-7136-4b08-a35a-e2ee4260fd83"
"ab2ab13e-434b-46fb-87ca-12426133ad51","f4282f56-bfdb-4454-8a63-fd70d9e335da"
"a7ab8ad6-dff2-4e58-b6dd-636afd041b8c","f4282f56-bfdb-4454-8a63-fd70d9e335da"
"a7ab8ad6-dff2-4e58-b6dd-636afd041b8c","e41f927f-04e6-448d-bbaa-b8da92a12748"
"66ad68f2-65b1-4a07-ab79-e10cd3aef3d8","ec3d4247-eef5-48d0-a7a5-b389dd5c2b3e"
"66ad68f2-65b1-4a07-ab79-e10cd3aef3d8","f4282f56-bfdb-4454-8a63-fd70d9e335da"
"8d0d20a0-b446-4a32-9753-67295a49a346","f4282f56-bfdb-4454-8a63-fd70d9e335da"
"283292ac-c3fa-4059-a412-abfcc057d015","72a8c4d0-7136-4b08-a35a-e2ee4260fd83"
"283292ac-c3fa-4059-a412-abfcc057d015","e41f927f-04e6-448d-bbaa-b8da92a12748"
"edeccc81-7128-4c96-aefa-715b256722bf","439e6939-293c-401e-bd7d-30107e7e8a9b"
"edeccc81-7128-4c96-aefa-715b256722bf","e41f927f-04e6-448d-bbaa-b8da92a12748"
"4438acf9-2fde-4920-875d-0d3ac71163c5","362cc800-ab0e-405e-928a-24be3174d8c0"
"43802da7-3bc6-4ea9-b63c-79ee5db78e7e","ec3d4247-eef5-48d0-a7a5-b389dd5c2b3e"
"548264d9-5273-483d-aa7f-c70e5189ce7a","e41f927f-04e6-448d-bbaa-b8da92a12748"
"548264d9-5273-483d-aa7f-c70e5189ce7a","ec3d4247-eef5-48d0-a7a5-b389dd5c2b3e"
"98cd8cde-a0ac-432d-a905-94793a3cfa22","f4282f56-bfdb-4454-8a63-fd70d9e335da"
"9f5f8ce3-6706-4e16-82e5-e4666e670a13","439e6939-293c-401e-bd7d-30107e7e8a9b"
"d005d036-ee48-4eb5-800a-28d9b8f543a3","f4282f56-bfdb-4454-8a63-fd70d9e335da"
"65381807-c84d-4d1a-8d0d-222c82e6cc49","ec3d4247-eef5-48d0-a7a5-b389dd5c2b3e"
"7c2265c8-7a61-4bf9-a3ea-2087727c76d1","f4282f56-bfdb-4454-8a63-fd70d9e335da"
"7c2265c8-7a61-4bf9-a3ea-2087727c76d1","362cc800-ab0e-405e-928a-24be3174d8c0"
"4e5f8f6f-2494-4e39-beae-2cc248f76443","72a8c4d0-7136-4b08-a35a-e2ee4260fd83"
"4e5f8f6f-2494-4e39-beae-2cc248f76443","f4282f56-bfdb-4454-8a63-fd70d9e335da"
"d1fe8cfe-6dcb-413d-9191-d33c51f43e61","e41f927f-04e6-448d-bbaa-b8da92a12748"
"22e93640-8e91-4060-9f7f-b1fecb6bd81a","439e6939-293c-401e-bd7d-30107e7e8a9b"
"22e93640-8e91-4060-9f7f-b1fecb6bd81a","362cc800-ab0e-405e-928a-24be3174d8c0"
"1b165631-ea4e-4da6-8a3e-2959196dd63f","72a8c4d0-7136-4b08-a35a-e2ee4260fd83"
"f8f9ea7f-66df-495a-93ab-472e8d8a6a9b","362cc800-ab0e-405e-928a-24be3174d8c0"
"e1255036-a158-47e0-917c-32695ecbfbf6","72a8c4d0-7136-4b08-a35a-e2ee4260fd83"
"e1255036-a158-47e0-917c-32695ecbfbf6","ec3d4247-eef5-48d0-a7a5-b389dd5c2b3e"
"a2a62df7-d155-4c1d-b6a7-c1fea7b722a0","e41f927f-04e6-448d-bbaa-b8da92a12748"
"c6e73687-38f9-4e10-8307-1b1f1ce85a87","362cc800-ab0e-405e-928a-24be3174d8c0"
"c6e73687-38f9-4e10-8307-1b1f1ce85a87","f4282f56-bfdb-4454-8a63-fd70d9e335da"
"dfc0be5b-283b-4174-ad1e-580d40acfff0","439e6939-293c-401e-bd7d-30107e7e8a9b"
"12e75c04-0acf-4f5b-918e-8ac6bc338f24","ec3d4247-eef5-48d0-a7a5-b389dd5c2b3e"
"12e75c04-0acf-4f5b-918e-8ac6bc338f24","439e6939-293c-401e-bd7d-30107e7e8a9b"
"5304efa7-4099-4920-9e45-1c2de96cd869","362cc800-ab0e-405e-928a-24be3174d8c0"
"5304efa7-4099-4920-9e45-1c2de96cd869","f4282f56-bfdb-4454-8a63-fd70d9e335da"
"50d639ce-fff0-4fea-9d01-5c8078b27e5d","439e6939-293c-401e-bd7d-30107e7e8a9b"
"4a9f5787-958f-4a6e-8060-db4e4f83f7bc","362cc800-ab0e-405e-928a-24be3174d8c0"
"4a9f5787-958f-4a6e-8060-db4e4f83f7bc","ec3d4247-eef5-48d0-a7a5-b389dd5c2b3e"
"5c934c9b-dd41-45f0-b6bb-ead6eacfc1df","72a8c4d0-7136-4b08-a35a-e2ee4260fd83"
"23e8793c-dd53-40f9-a4e9-129db2025bb6","e41f927f-04e6-448d-bbaa-b8da92a12748"
"23e8793c-dd53-40f9-a4e9-129db2025bb6","f4282f56-bfdb-4454-8a63-fd70d9e335da"
"dcd26bfc-92b0-4512-845e-1d4dc6acca58","72a8c4d0-7136-4b08-a35a-e2ee4260fd83"
"dcd26bfc-92b0-4512-845e-1d4dc6acca58","e41f927f-04e6-448d-bbaa-b8da92a12748"
"a8f5a57b-dee1-4556-9069-8b3454b9e706","e41f927f-04e6-448d-bbaa-b8da92a12748"
"a8f5a57b-dee1-4556-9069-8b3454b9e706","362cc800-ab0e-405e-928a-24be3174d8c0"
"56c2556a-30db-448c-8a2e-2af3031daf84","72a8c4d0-7136-4b08-a35a-e2ee4260fd83"
"1cc2d55c-427f-44a0-be8f-1baeb1ee9ef2","ec3d4247-eef5-48d0-a7a5-b389dd5c2b3e"
"1d4b28ae-c641-4064-9216-7ef9ade93c36","72a8c4d0-7136-4b08-a35a-e2ee4260fd83"
"66282bee-828f-4619-a1fe-efa0b4699acf","362cc800-ab0e-405e-928a-24be3174d8c0"
"66282bee-828f-4619-a1fe-efa0b4699acf","ec3d4247-eef5-48d0-a7a5-b389dd5c2b3e"
"7f6eac9a-87d5-4951-90a5-64926c9ce415","362cc800-ab0e-405e-928a-24be3174d8c0"
"7f6eac9a-87d5-4951-90a5-64926c9ce415","72a8c4d0-7136-4b08-a35a-e2ee4260fd83"
"e67ab8c8-6086-4624-bce5-e9e7eb24b626","362cc800-ab0e-405e-928a-24be3174d8c0"
"e67ab8c8-6086-4624-bce5-e9e7eb24b626","439e6939-293c-401e-bd7d-30107e7e8a9b"
"514a9a5f-e8e2-4087-81bc-069e0cfa3d93","439e6939-293c-401e-bd7d-30107e7e8a9b"
"83c3cbe6-5905-4bb6-a7e8-0e44c6d190b7","362cc800-ab0e-405e-928a-24be3174d8c0"
"03495448-3577-45a5-9812-4a2e3f54da61","72a8c4d0-7136-4b08-a35a-e2ee4260fd83"
"af2e157f-9c91-4398-b51b-541e1a7a6bdd","f4282f56-bfdb-4454-8a63-fd70d9e335da"
"af2e157f-9c91-4398-b51b-541e1a7a6bdd","439e6939-293c-401e-bd7d-30107e7e8a9b"
"06f9fb7c-18e1-4f8b-bfa1-c8a538212a9a","439e6939-293c-401e-bd7d-30107e7e8a9b"
"06f9fb7c-18e1-4f8b-bfa1-c8a538212a9a","362cc800-ab0e-405e-928a-24be3174d8c0"
"d261c983-dfef-407e-a8cc-bd26da24705d","f4282f56-bfdb-4454-8a63-fd70d9e335da"
"d261c983-dfef-407e-a8cc-bd26da24705d","e41f927f-04e6-448d-bbaa-b8da92a12748"
"baabe99c-60d1-45cc-9a96-867e72c4b219","362cc800-ab0e-405e-928a-24be3174d8c0"
"e05fb0da-df87-4d26-80b8-76966b147d1b","ec3d4247-eef5-48d0-a7a5-b389dd5c2b3e"
"45d71943-70be-46bf-86d0-56efc6393fc3","439e6939-293c-401e-bd7d-30107e7e8a9b"
"68b47ff1-36f2-4d8f-8f82-a6bcbdae756f","f4282f56-bfdb-4454-8a63-fd70d9e335da"
"26885b49-0f9b-4568-a603-55703fca205c","362cc800-ab0e-405e-928a-24be3174d8c0"
"25a3f08c-f16f-4f56-b19b-22ab9a56cca5","ec3d4247-eef5-48d0-a7a5-b389dd5c2b3e"
"25a3f08c-f16f-4f56-b19b-22ab9a56cca5","e41f927f-04e6-448d-bbaa-b8da92a12748"
"79c407fb-881f-448a-ad23-a450afbe35b4","362cc800-ab0e-405e-928a-24be3174d8c0"
"79c407fb-881f-448a-ad23-a450afbe35b4","ec3d4247-eef5-48d0-a7a5-b389dd5c2b3e"
"b5d3ce9a-733b-4b12-ab92-1a9592a0b46c","362cc800-ab0e-405e-928a-24be3174d8c0"
"b5d3ce9a-733b-4b12-ab92-1a9592a0b46c","e41f927f-04e6-448d-bbaa-b8da92a12748"
"cc2ca048-0e45-46ac-8131-d5768e0b5043","f4282f56-bfdb-4454-8a63-fd70d9e335da"
"cc2ca048-0e45-46ac-8131-d5768e0b5043","ec3d4247-eef5-48d0-a7a5-b389dd5c2b3e"
"03944baf-9985-49dc-8c79-3900ecbe38a0","f4282f56-bfdb-4454-8a63-fd70d9e335da"
"03944baf-9985-49dc-8c79-3900ecbe38a0","72a8c4d0-7136-4b08-a35a-e2ee4260fd83"
"12b32aaa-dee9-4c2a-9d80-f9bf59f3e018","72a8c4d0-7136-4b08-a35a-e2ee4260fd83"
"2f05a9e8-fd2b-4443-8f2c-8c18228dd607","f4282f56-bfdb-4454-8a63-fd70d9e335da"
"e25cf2cc-dc7d-4dc9-a146-ceecdf098387","f4282f56-bfdb-4454-8a63-fd70d9e335da"
"e25cf2cc-dc7d-4dc9-a146-ceecdf098387","362cc800-ab0e-405e-928a-24be3174d8c0"
"4dd6251b-cc4b-448a-987b-2a8c2ef8fad4","ec3d4247-eef5-48d0-a7a5-b389dd5c2b3e"
"7555a14e-f0e5-49b3-93cf-2bf8eced0016","e41f927f-04e6-448d-bbaa-b8da92a12748"
"7555a14e-f0e5-49b3-93cf-2bf8eced0016","439e6939-293c-401e-bd7d-30107e7e8a9b"
"fb97ec42-9aa8-4635-89ab-2f64d2c1e5fd","362cc800-ab0e-405e-928a-24be3174d8c0"
"fb97ec42-9aa8-4635-89ab-2f64d2c1e5fd","f4282f56-bfdb-4454-8a63-fd70d9e335da"
"64591ba1-cb75-4274-aff3-96f4974bf105","439e6939-293c-401e-bd7d-30107e7e8a9b"
"ff135764-8df9-4a6a-be93-3e61c70b158e","362cc800-ab0e-405e-928a-24be3174d8c0"
"ff135764-8df9-4a6a-be93-3e61c70b158e","72a8c4d0-7136-4b08-a35a-e2ee4260fd83"
"97406ed8-cbc2-4f4c-b75b-9ecc9d60cffd","e41f927f-04e6-448d-bbaa-b8da92a12748"
"97406ed8-cbc2-4f4c-b75b-9ecc9d60cffd","f4282f56-bfdb-4454-8a63-fd70d9e335da"
"b4118756-cac1-49d7-92f6-5d33c04afbb8","e41f927f-04e6-448d-bbaa-b8da92a12748"
"6da5aa8e-4324-47a0-afdf-90e636787736","ec3d4247-eef5-48d0-a7a5-b389dd5c2b3e"
"80262415-c4c4-4da9-a398-e6c648b79571","72a8c4d0-7136-4b08-a35a-e2ee4260fd83"
"80262415-c4c4-4da9-a398-e6c648b79571","439e6939-293c-401e-bd7d-30107e7e8a9b"
"b742b856-5d58-4fc9-8c3a-3ca8fd4a3fb0","f4282f56-bfdb-4454-8a63-fd70d9e335da"
"b742b856-5d58-4fc9-8c3a-3ca8fd4a3fb0","362cc800-ab0e-405e-928a-24be3174d8c0"
"3f805515-1b66-4bdb-b3b2-f5dbdbda2c00","362cc800-ab0e-405e-928a-24be3174d8c0"
"3f805515-1b66-4bdb-b3b2-f5dbdbda2c00","72a8c4d0-7136-4b08-a35a-e2ee4260fd83"
"5e223721-0257-4ee1-a6ff-d8b6fff66f9a","362cc800-ab0e-405e-928a-24be3174d8c0"
"5e223721-0257-4ee1-a6ff-d8b6fff66f9a","72a8c4d0-7136-4b08-a35a-e2ee4260fd83"
"81f2256f-217c-4496-9f18-9543862943c6","e41f927f-04e6-448d-bbaa-b8da92a12748"
"81f2256f-217c-4496-9f18-9543862943c6","f4282f56-bfdb-4454-8a63-fd70d9e335da"
"94058312-2e3e-451b-981b-113e5ff0275f","362cc800-ab0e-405e-928a-24be3174d8c0"
"24049cc7-3a8f-4867-abe7-b39d58ea15b8","f4282f56-bfdb-4454-8a63-fd70d9e335da"
"24049cc7-3a8f-4867-abe7-b39d58ea15b8","72a8c4d0-7136-4b08-a35a-e2ee4260fd83"
"509175a1-e4f8-4564-864e-dfbd5e1dac1a","ec3d4247-eef5-48d0-a7a5-b389dd5c2b3e"
"509175a1-e4f8-4564-864e-dfbd5e1dac1a","439e6939-293c-401e-bd7d-30107e7e8a9b"
"e590c117-51f7-44f1-928f-c97eb951a935","362cc800-ab0e-405e-928a-24be3174d8c0"
"edce19bf-7438-4ab7-973a-fe603a4f85f8","362cc800-ab0e-405e-928a-24be3174d8c0"
"edce19bf-7438-4ab7-973a-fe603a4f85f8","72a8c4d0-7136-4b08-a35a-e2ee4260fd83"
"1891af38-4772-4329-ac56-242a063e7ab6","72a8c4d0-7136-4b08-a35a-e2ee4260fd83"
"1891af38-4772-4329-ac56-242a063e7ab6","439e6939-293c-401e-bd7d-30107e7e8a9b"
"52b4728e-01d3-4082-a3ad-e43fe47d6fae","362cc800-ab0e-405e-928a-24be3174d8c0"
"52b4728e-01d3-4082-a3ad-e43fe47d6fae","72a8c4d0-7136-4b08-a35a-e2ee4260fd83"
"0e91d3d0-5094-478e-b49f-a664d3d22ddf","f4282f56-bfdb-4454-8a63-fd70d9e335da"
"9a18281c-a2a6-445c-a8ab-4a26823711c9","ec3d4247-eef5-48d0-a7a5-b389dd5c2b3e"
"9a18281c-a2a6-445c-a8ab-4a26823711c9","f4282f56-bfdb-4454-8a63-fd70d9e335da"
"09699298-35d1-4bb0-b39f-fab9b4313c52","362cc800-ab0e-405e-928a-24be3174d8c0"
"fa8a82ef-51a3-44e6-8141-738a04acb391","439e6939-293c-401e-bd7d-30107e7e8a9b"
"21d7f47d-2b1c-4478-9239-3bda995f9743","362cc800-ab0e-405e-928a-24be3174d8c0"
"6b3e60f8-d6bb-4797-bdba-ee361c22fa05","362cc800-ab0e-405e-928a-24be3174d8c0"
"6b3e60f8-d6bb-4797-bdba-ee361c22fa05","ec3d4247-eef5-48d0-a7a5-b389dd5c2b3e"
"c575a2dc-8ba0-4cd0-a708-97039d75b5c3","f4282f56-bfdb-4454-8a63-fd70d9e335da"
"c575a2dc-8ba0-4cd0-a708-97039d75b5c3","439e6939-293c-401e-bd7d-30107e7e8a9b"
"e24b3714-65e2-40ac-8ab4-6e28db5dcab7","ec3d4247-eef5-48d0-a7a5-b389dd5c2b3e"
"e24b3714-65e2-40ac-8ab4-6e28db5dcab7","72a8c4d0-7136-4b08-a35a-e2ee4260fd83"
"7732aaed-75cb-4929-bc03-795c119e8024","f4282f56-bfdb-4454-8a63-fd70d9e335da"
"ff1d59fe-4e81-4216-936c-d6463b716413","f4282f56-bfdb-4454-8a63-fd70d9e335da"
"162a5957-dca7-42a1-9b53-cc5884c6d074","e41f927f-04e6-448d-bbaa-b8da92a12748"
"4f3db107-7dad-4e7a-964d-02619f23ac9a","ec3d4247-eef5-48d0-a7a5-b389dd5c2b3e"
"f7ed3f2c-77bf-408e-980b-c542eedef149","f4282f56-bfdb-4454-8a63-fd70d9e335da"
"f93e514a-6e16-42b3-aad8-93f97e77ef3e","72a8c4d0-7136-4b08-a35a-e2ee4260fd83"
"f93e514a-6e16-42b3-aad8-93f97e77ef3e","362cc800-ab0e-405e-928a-24be3174d8c0"
"4041483b-74fe-4898-90d9-db02c499ee67","72a8c4d0-7136-4b08-a35a-e2ee4260fd83"
"4041483b-74fe-4898-90d9-db02c499ee67","439e6939-293c-401e-bd7d-30107e7e8a9b"
"66fa2e04-2601-4e68-9ddd-a4bf8b03cdc7","362cc800-ab0e-405e-928a-24be3174d8c0"
"66fa2e04-2601-4e68-9ddd-a4bf8b03cdc7","ec3d4247-eef5-48d0-a7a5-b389dd5c2b3e"
"966258dc-0c7d-45e7-8b43-0775dc70110d","e41f927f-04e6-448d-bbaa-b8da92a12748"
"966258dc-0c7d-45e7-8b43-0775dc70110d","f4282f56-bfdb-4454-8a63-fd70d9e335da"
"6fb11e53-e53b-4edd-b934-4c18f2f6dc68","e41f927f-04e6-448d-bbaa-b8da92a12748"
"6fb11e53-e53b-4edd-b934-4c18f2f6dc68","439e6939-293c-401e-bd7d-30107e7e8a9b"
"e7edd532-a3f9-44e2-8858-8464b72ced24","439e6939-293c-401e-bd7d-30107e7e8a9b"
"e7edd532-a3f9-44e2-8858-8464b72ced24","e41f927f-04e6-448d-bbaa-b8da92a12748"
"33a360db-73dc-412a-beae-0164e6460aff","f4282f56-bfdb-4454-8a63-fd70d9e335da"
"41d4dcd2-54ea-4304-a3ab-cd74c7b9386b","ec3d4247-eef5-48d0-a7a5-b389dd5c2b3e"
"d664e270-47a9-4a56-9b03-fd58f7b9d941","e41f927f-04e6-448d-bbaa-b8da92a12748"
"223a0651-f37a-457d-9da9-b6ddd0e37721","e41f927f-04e6-448d-bbaa-b8da92a12748"
"223a0651-f37a-457d-9da9-b6ddd0e37721","72a8c4d0-7136-4b08-a35a-e2ee4260fd83"
"c1ceb47b-4427-4c94-ab8e-e36476a5eb52","362cc800-ab0e-405e-928a-24be3174d8c0"
"f1c72e67-5f69-4ea8-b4f7-27a2480959ba","f4282f56-bfdb-4454-8a63-fd70d9e335da"
"d42c7d80-deb1-4513-ae15-56916d39d0f5","f4282f56-bfdb-4454-8a63-fd70d9e335da"
"d42c7d80-deb1-4513-ae15-56916d39d0f5","362cc800-ab0e-405e-928a-24be3174d8c0"
"22ee771d-959a-4bb3-ba98-6cd22a3ee9be","f4282f56-bfdb-4454-8a63-fd70d9e335da"
"1169f633-0add-47eb-8ee3-80552179b234","439e6939-293c-401e-bd7d-30107e7e8a9b"
"7c43a46a-4b0f-4aae-923e-10246dcbed9c","362cc800-ab0e-405e-928a-24be3174d8c0"
"fa870752-52cc-4675-8854-53bfc5228abb","ec3d4247-eef5-48d0-a7a5-b389dd5c2b3e"
"fa870752-52cc-4675-8854-53bfc5228abb","f4282f56-bfdb-4454-8a63-fd70d9e335da"
"8d4ff41c-9d40-44cd-8318-6b12e6bb7cd2","e41f927f-04e6-448d-bbaa-b8da92a12748"
"cdb40abb-d085-404e-81b2-2c62553cc728","72a8c4d0-7136-4b08-a35a-e2ee4260fd83"
"cdb40abb-d085-404e-81b2-2c62553cc728","439e6939-293c-401e-bd7d-30107e7e8a9b"
"5d08cf05-9172-4510-b81e-0ca50dd7733f","ec3d4247-eef5-48d0-a7a5-b389dd5c2b3e"
"dd1067d4-c0be-462e-bb22-bad5731a0a14","362cc800-ab0e-405e-928a-24be3174d8c0"
"dd1067d4-c0be-462e-bb22-bad5731a0a14","e41f927f-04e6-448d-bbaa-b8da92a12748"
"8659d012-828d-49f3-b34a-695add4d835d","439e6939-293c-401e-bd7d-30107e7e8a9b"
"8cd51929-2407-487b-9114-ad3f9d21fbb5","ec3d4247-eef5-48d0-a7a5-b389dd5c2b3e"
"6debaa6e-f7fc-4684-ae6e-e1912f08e6ce","362cc800-ab0e-405e-928a-24be3174d8c0"
"5d4ce86c-8f4f-4def-8ea7-21c197f958a9","ec3d4247-eef5-48d0-a7a5-b389dd5c2b3e"
"a0178b70-8f4a-4dc4-9fa9-d54471876df4","f4282f56-bfdb-4454-8a63-fd70d9e335da"
"ce4ec9f0-c8ac-4f73-a750-6daacaa63cde","362cc800-ab0e-405e-928a-24be3174d8c0"
"26d433c5-7486-4dae-90d9-65085a5539e1","362cc800-ab0e-405e-928a-24be3174d8c0"
"a28e81a4-1ab3-4b6f-85a6-0be6e388e11f","439e6939-293c-401e-bd7d-30107e7e8a9b"
"35d8426d-f0f3-400b-a365-705a996bc7ee","f4282f56-bfdb-4454-8a63-fd70d9e335da"
"08bd85b8-de56-4120-b0dd-f73ad95148f5","362cc800-ab0e-405e-928a-24be3174d8c0"
"08bd85b8-de56-4120-b0dd-f73ad95148f5","e41f927f-04e6-448d-bbaa-b8da92a12748"
"9eee1926-71fa-4ee0-b627-5b77d079fdad","362cc800-ab0e-405e-928a-24be3174d8c0"
"b2a7b27a-6720-46cf-9b8a-5cc045927e77","e41f927f-04e6-448d-bbaa-b8da92a12748"
"b2a7b27a-6720-46cf-9b8a-5cc045927e77","439e6939-293c-401e-bd7d-30107e7e8a9b"
"3a3db16b-cf06-40c2-9da3-f793ccee0de1","362cc800-ab0e-405e-928a-24be3174d8c0"
"3a3db16b-cf06-40c2-9da3-f793ccee0de1","f4282f56-bfdb-4454-8a63-fd70d9e335da"
"38862b83-9706-4b35-9806-8ab47f608563","e41f927f-04e6-448d-bbaa-b8da92a12748"
"fc9ef424-ee15-4ff8-ae4a-37843d63bc9a","e41f927f-04e6-448d-bbaa-b8da92a12748"
"c3e21141-14a8-49bf-be80-8782e7f666ce","439e6939-293c-401e-bd7d-30107e7e8a9b"
"55ffca7a-f6be-4afc-8aab-33a9175b6aef","ec3d4247-eef5-48d0-a7a5-b389dd5c2b3e"
"55ffca7a-f6be-4afc-8aab-33a9175b6aef","e41f927f-04e6-448d-bbaa-b8da92a12748"
"70178234-d3a1-452a-a717-2c21b2615e9b","f4282f56-bfdb-4454-8a63-fd70d9e335da"
"70178234-d3a1-452a-a717-2c21b2615e9b","e41f927f-04e6-448d-bbaa-b8da92a12748"
"9d87a61a-05e0-4d19-bc9b-1c2a75941037","f4282f56-bfdb-4454-8a63-fd70d9e335da"
"d3d171b2-1994-4107-aaad-296e01a1c72d","72a8c4d0-7136-4b08-a35a-e2ee4260fd83"
"d3d171b2-1994-4107-aaad-296e01a1c72d","439e6939-293c-401e-bd7d-30107e7e8a9b"
"23c06d20-f635-483e-adb4-b9d4dfdfa6fd","e41f927f-04e6-448d-bbaa-b8da92a12748"
"23c06d20-f635-483e-adb4-b9d4dfdfa6fd","ec3d4247-eef5-48d0-a7a5-b389dd5c2b3e"
"271de77a-b989-44c6-a4ff-4b47a5581055","72a8c4d0-7136-4b08-a35a-e2ee4260fd83"
"271de77a-b989-44c6-a4ff-4b47a5581055","439e6939-293c-401e-bd7d-30107e7e8a9b"
"0351fac5-f791-45f0-9287-955644fa6073","f4282f56-bfdb-4454-8a63-fd70d9e335da"
"0351fac5-f791-45f0-9287-955644fa6073","72a8c4d0-7136-4b08-a35a-e2ee4260fd83"
"5f070806-54b7-4ea4-a2e2-5399885c6841","f4282f56-bfdb-4454-8a63-fd70d9e335da"
"b49e0300-735d-4b6d-bf28-33afc7413230","362cc800-ab0e-405e-928a-24be3174d8c0"
"b49e0300-735d-4b6d-bf28-33afc7413230","ec3d4247-eef5-48d0-a7a5-b389dd5c2b3e"
"30aad1dc-61e2-4204-ab6c-b0a0bd07b0c9","f4282f56-bfdb-4454-8a63-fd70d9e335da"
"30aad1dc-61e2-4204-ab6c-b0a0bd07b0c9","72a8c4d0-7136-4b08-a35a-e2ee4260fd83"
"ac1ff184-b7b2-432c-9e9d-0d8621463601","72a8c4d0-7136-4b08-a35a-e2ee4260fd83"
"ac1ff184-b7b2-432c-9e9d-0d8621463601","ec3d4247-eef5-48d0-a7a5-b389dd5c2b3e"
"8a429e88-9960-4cfd-9beb-93a71a23a19d","362cc800-ab0e-405e-928a-24be3174d8c0"
"8a429e88-9960-4cfd-9beb-93a71a23a19d","439e6939-293c-401e-bd7d-30107e7e8a9b"
"fea523dd-d198-46ce-ab4d-e6c0ea96a029","362cc800-ab0e-405e-928a-24be3174d8c0"
"fea523dd-d198-46ce-ab4d-e6c0ea96a029","439e6939-293c-401e-bd7d-30107e7e8a9b"
"43f3d61d-f27b-409c-abfa-6bedae374231","362cc800-ab0e-405e-928a-24be3174d8c0"
"43f3d61d-f27b-409c-abfa-6bedae374231","72a8c4d0-7136-4b08-a35a-e2ee4260fd83"
"256278d7-05dd-4b8e-9300-e3bb26dc61cf","e41f927f-04e6-448d-bbaa-b8da92a12748"
"990dc0bc-2379-4192-80de-787a410a5d95","ec3d4247-eef5-48d0-a7a5-b389dd5c2b3e"
"990dc0bc-2379-4192-80de-787a410a5d95","e41f927f-04e6-448d-bbaa-b8da92a12748"
"d0ad0604-cf10-4aa3-955d-cb6966c849ce","f4282f56-bfdb-4454-8a63-fd70d9e335da"
"73a9107e-21bc-4714-a493-deca1667e1fe","439e6939-293c-401e-bd7d-30107e7e8a9b"
"d5a64fab-ecf7-4999-9248-99ec12fd7b3a","72a8c4d0-7136-4b08-a35a-e2ee4260fd83"
"d5a64fab-ecf7-4999-9248-99ec12fd7b3a","e41f927f-04e6-448d-bbaa-b8da92a12748"
"018c271b-e33e-400a-af4f-e89229312832","439e6939-293c-401e-bd7d-30107e7e8a9b"
"018c271b-e33e-400a-af4f-e89229312832","ec3d4247-eef5-48d0-a7a5-b389dd5c2b3e"
"10c0416f-32d7-49f0-a322-212fc0d0f1dc","f4282f56-bfdb-4454-8a63-fd70d9e335da"
"10c0416f-32d7-49f0-a322-212fc0d0f1dc","72a8c4d0-7136-4b08-a35a-e2ee4260fd83"
"dc05280a-1428-4c25-8008-d2d66a4dab79","e41f927f-04e6-448d-bbaa-b8da92a12748"
"3c734dbf-9ab6-481a-bd3e-3fa951f3b6a2","ec3d4247-eef5-48d0-a7a5-b389dd5c2b3e"
"6a54227a-93c6-4e4d-9439-2f0023c07aca","362cc800-ab0e-405e-928a-24be3174d8c0"
"6a54227a-93c6-4e4d-9439-2f0023c07aca","72a8c4d0-7136-4b08-a35a-e2ee4260fd83"
"e3062693-38e5-48da-9bd5-d0fe75d56410","439e6939-293c-401e-bd7d-30107e7e8a9b"
"e3062693-38e5-48da-9bd5-d0fe75d56410","72a8c4d0-7136-4b08-a35a-e2ee4260fd83"
"c01896dd-f058-4d3a-9b63-f254c826314f","e41f927f-04e6-448d-bbaa-b8da92a12748"
"c01896dd-f058-4d3a-9b63-f254c826314f","362cc800-ab0e-405e-928a-24be3174d8c0"
"db28acdb-89fb-48c2-bb5e-d107484cc625","e41f927f-04e6-448d-bbaa-b8da92a12748"
"db28acdb-89fb-48c2-bb5e-d107484cc625","72a8c4d0-7136-4b08-a35a-e2ee4260fd83"
"d93dba56-9aa6-43f2-895d-1ec51f0fe223","f4282f56-bfdb-4454-8a63-fd70d9e335da"
"d93dba56-9aa6-43f2-895d-1ec51f0fe223","362cc800-ab0e-405e-928a-24be3174d8c0"
"02ddbf9e-b328-44a7-981e-401c19b65363","439e6939-293c-401e-bd7d-30107e7e8a9b"
"02ddbf9e-b328-44a7-981e-401c19b65363","f4282f56-bfdb-4454-8a63-fd70d9e335da"
"7193943e-ef98-44dc-a0df-98b52d2aa57e","e41f927f-04e6-448d-bbaa-b8da92a12748"
"44481f33-b942-4cc4-baa4-d5a83ebd339f","ec3d4247-eef5-48d0-a7a5-b389dd5c2b3e"
"44481f33-b942-4cc4-baa4-d5a83ebd339f","e41f927f-04e6-448d-bbaa-b8da92a12748"
"7b9edb84-72f5-47bc-9853-0c94e9938183","e41f927f-04e6-448d-bbaa-b8da92a12748"
"53ca034f-a064-4840-a6e3-41f81e61f8a2","362cc800-ab0e-405e-928a-24be3174d8c0"
"f189eee5-6a49-47c1-a639-fe31d381a747","e41f927f-04e6-448d-bbaa-b8da92a12748"
"f189eee5-6a49-47c1-a639-fe31d381a747","362cc800-ab0e-405e-928a-24be3174d8c0"
"775fd92a-17e2-4dc9-9ee2-f03dada24ba2","439e6939-293c-401e-bd7d-30107e7e8a9b"
"73208160-6b84-4403-9624-cb45ada0fc2d","f4282f56-bfdb-4454-8a63-fd70d9e335da"
"73208160-6b84-4403-9624-cb45ada0fc2d","439e6939-293c-401e-bd7d-30107e7e8a9b"
"d291557d-a39d-435c-9e61-e282ec4a0e68","439e6939-293c-401e-bd7d-30107e7e8a9b"
"0550115f-3129-4274-86ed-979fa0887da2","e41f927f-04e6-448d-bbaa-b8da92a12748"
"ed35ed2b-7eb9-4e2a-bf4d-2cfe69ac5de4","f4282f56-bfdb-4454-8a63-fd70d9e335da"
"4a8b40fa-e865-467b-8aa9-f4150559ec31","439e6939-293c-401e-bd7d-30107e7e8a9b"
"4a8b40fa-e865-467b-8aa9-f4150559ec31","362cc800-ab0e-405e-928a-24be3174d8c0"
"52dd11e2-bb74-4733-a577-a91f39fc133c","ec3d4247-eef5-48d0-a7a5-b389dd5c2b3e"
"de28fe33-8f30-4bd6-bb6e-b6d95e14c459","72a8c4d0-7136-4b08-a35a-e2ee4260fd83"
"80026715-d6cf-41db-806b-b37bd707621a","e41f927f-04e6-448d-bbaa-b8da92a12748"
"1e133738-3720-4767-bd28-587c9a455f4a","ec3d4247-eef5-48d0-a7a5-b389dd5c2b3e"
"1e133738-3720-4767-bd28-587c9a455f4a","f4282f56-bfdb-4454-8a63-fd70d9e335da"
"c54d7199-a51b-49a9-99c7-992d98fb114d","439e6939-293c-401e-bd7d-30107e7e8a9b"
"c54d7199-a51b-49a9-99c7-992d98fb114d","f4282f56-bfdb-4454-8a63-fd70d9e335da"
"26ab9d68-dafa-4037-ac73-162c4425832c","439e6939-293c-401e-bd7d-30107e7e8a9b"
"26ab9d68-dafa-4037-ac73-162c4425832c","e41f927f-04e6-448d-bbaa-b8da92a12748"
"86c9014c-64d3-4419-be35-e7ad0ad06a0b","439e6939-293c-401e-bd7d-30107e7e8a9b"
"2d633217-7a04-4cc9-b677-57eb068b8c43","362cc800-ab0e-405e-928a-24be3174d8c0"
"2d633217-7a04-4cc9-b677-57eb068b8c43","f4282f56-bfdb-4454-8a63-fd70d9e335da"
"8e18d4ee-1327-43af-96a7-bfda633c4439","f4282f56-bfdb-4454-8a63-fd70d9e335da"
"8e18d4ee-1327-43af-96a7-bfda633c4439","e41f927f-04e6-448d-bbaa-b8da92a12748"
"359202c8-d59f-49b7-bc57-ad0b1252f0fa","439e6939-293c-401e-bd7d-30107e7e8a9b"
"359202c8-d59f-49b7-bc57-ad0b1252f0fa","e41f927f-04e6-448d-bbaa-b8da92a12748"
"b0bf7666-bd73-46a4-83ec-bdb1da09a84c","439e6939-293c-401e-bd7d-30107e7e8a9b"
"02633ca9-efea-4857-9ff3-bd5c9725469f","f4282f56-bfdb-4454-8a63-fd70d9e335da"
"02633ca9-efea-4857-9ff3-bd5c9725469f","439e6939-293c-401e-bd7d-30107e7e8a9b"
"bd6f866e-f9d8-4338-817f-ad1431c16de0","72a8c4d0-7136-4b08-a35a-e2ee4260fd83"
"e959e4ed-8bee-4d23-80d3-5cc241b5b7ac","ec3d4247-eef5-48d0-a7a5-b389dd5c2b3e"
"e959e4ed-8bee-4d23-80d3-5cc241b5b7ac","e41f927f-04e6-448d-bbaa-b8da92a12748"
"313cd3e4-59ce-4c7c-b73d-031471da9790","f4282f56-bfdb-4454-8a63-fd70d9e335da"
"e42d91c2-eab9-4893-974d-6e97ed87bf6c","362cc800-ab0e-405e-928a-24be3174d8c0"
"ffee3e8d-2540-4cd2-82c4-b29fbd925f8e","362cc800-ab0e-405e-928a-24be3174d8c0"
"2ca12366-7144-450b-a9bf-9120f3c50279","72a8c4d0-7136-4b08-a35a-e2ee4260fd83"
"51b4b136-8a6d-4081-ad9c-1dba922aa19c","f4282f56-bfdb-4454-8a63-fd70d9e335da"
"85f003a6-2113-4fa2-b812-b77f1fd04e23","72a8c4d0-7136-4b08-a35a-e2ee4260fd83"
"85f003a6-2113-4fa2-b812-b77f1fd04e23","362cc800-ab0e-405e-928a-24be3174d8c0"
"5713e103-d76f-44f1-a34a-990717e3723f","f4282f56-bfdb-4454-8a63-fd70d9e335da"
"e047f251-31ec-402e-94f3-6dc1b3c25782","72a8c4d0-7136-4b08-a35a-e2ee4260fd83"
"e047f251-31ec-402e-94f3-6dc1b3c25782","f4282f56-bfdb-4454-8a63-fd70d9e335da"
"f049ce9b-903d-4d68-bf72-786d4844d245","f4282f56-bfdb-4454-8a63-fd70d9e335da"
"f049ce9b-903d-4d68-bf72-786d4844d245","e41f927f-04e6-448d-bbaa-b8da92a12748"
"06edf836-570a-4c1b-a0a8-5d4658decb0b","439e6939-293c-401e-bd7d-30107e7e8a9b"
"371329ab-f0df-4a68-a00d-3609a4833da5","72a8c4d0-7136-4b08-a35a-e2ee4260fd83"
"371329ab-f0df-4a68-a00d-3609a4833da5","e41f927f-04e6-448d-bbaa-b8da92a12748"
"d8a58565-a394-4269-86b1-aaa9b239799c","72a8c4d0-7136-4b08-a35a-e2ee4260fd83"
"75123d94-6b6b-43e3-97c3-0fb1ad04056f","f4282f56-bfdb-4454-8a63-fd70d9e335da"
"75123d94-6b6b-43e3-97c3-0fb1ad04056f","72a8c4d0-7136-4b08-a35a-e2ee4260fd83"
"c0cf323d-424d-4755-a28a-d8241e27fdc8","439e6939-293c-401e-bd7d-30107e7e8a9b"
"c79904d7-909a-45f4-8737-b26b7fa76921","439e6939-293c-401e-bd7d-30107e7e8a9b"
"c79904d7-909a-45f4-8737-b26b7fa76921","f4282f56-bfdb-4454-8a63-fd70d9e335da"
"66038567-1567-4972-be79-62ff7a508c30","362cc800-ab0e-405e-928a-24be3174d8c0"
"36b33b58-ccf3-443f-bc58-d5f294e19037","e41f927f-04e6-448d-bbaa-b8da92a12748"
"36b33b58-ccf3-443f-bc58-d5f294e19037","439e6939-293c-401e-bd7d-30107e7e8a9b"
"9a66d93c-5adc-4548-9030-243e482e217b","439e6939-293c-401e-bd7d-30107e7e8a9b"
"9a66d93c-5adc-4548-9030-243e482e217b","f4282f56-bfdb-4454-8a63-fd70d9e335da"
"082d4c63-5e33-44e8-8996-ec1598b5b8aa","362cc800-ab0e-405e-928a-24be3174d8c0"
"082d4c63-5e33-44e8-8996-ec1598b5b8aa","72a8c4d0-7136-4b08-a35a-e2ee4260fd83"
"a7e746b5-0f7d-488d-ab6e-4b1f9ea87e55","439e6939-293c-401e-bd7d-30107e7e8a9b"
"61043164-0955-4561-a6a0-949d5f32f3b1","e41f927f-04e6-448d-bbaa-b8da92a12748"
"61043164-0955-4561-a6a0-949d5f32f3b1","362cc800-ab0e-405e-928a-24be3174d8c0"
"3dab71b7-5f6c-41b1-ba4b-1faa50dc9bfe","ec3d4247-eef5-48d0-a7a5-b389dd5c2b3e"
"3dab71b7-5f6c-41b1-ba4b-1faa50dc9bfe","72a8c4d0-7136-4b08-a35a-e2ee4260fd83"
"d8185be6-9bbc-4ad0-a276-0947fe01f884","362cc800-ab0e-405e-928a-24be3174d8c0"
"d8185be6-9bbc-4ad0-a276-0947fe01f884","72a8c4d0-7136-4b08-a35a-e2ee4260fd83"
"b44c2a1a-ec3f-4324-bec1-379346da86ff","439e6939-293c-401e-bd7d-30107e7e8a9b"
"b44c2a1a-ec3f-4324-bec1-379346da86ff","72a8c4d0-7136-4b08-a35a-e2ee4260fd83"
"8fb41151-30ba-462a-948a-fff10acdbb35","72a8c4d0-7136-4b08-a35a-e2ee4260fd83"
"8fb41151-30ba-462a-948a-fff10acdbb35","362cc800-ab0e-405e-928a-24be3174d8c0"
"275d4771-7671-4d1a-a587-57b4cc76929d","ec3d4247-eef5-48d0-a7a5-b389dd5c2b3e"
"275d4771-7671-4d1a-a587-57b4cc76929d","439e6939-293c-401e-bd7d-30107e7e8a9b"
"ee7825aa-c9a8-42f5-8415-0a6fce616a4d","439e6939-293c-401e-bd7d-30107e7e8a9b"
"89b59790-b851-45b4-b7c2-bd1d39aa6d4f","ec3d4247-eef5-48d0-a7a5-b389dd5c2b3e"
"89b59790-b851-45b4-b7c2-bd1d39aa6d4f","f4282f56-bfdb-4454-8a63-fd70d9e335da"
"bd61af9d-3f0f-4cb1-b31c-7bcc08951d9c","f4282f56-bfdb-4454-8a63-fd70d9e335da"
"8fd32f93-67b6-4163-8315-bff5cf907f43","72a8c4d0-7136-4b08-a35a-e2ee4260fd83"
"8fd32f93-67b6-4163-8315-bff5cf907f43","f4282f56-bfdb-4454-8a63-fd70d9e335da"
"707c90c4-5ee7-42c9-8cfe-e7c955e1080d","f4282f56-bfdb-4454-8a63-fd70d9e335da"
"707c90c4-5ee7-42c9-8cfe-e7c955e1080d","ec3d4247-eef5-48d0-a7a5-b389dd5c2b3e"
"904e5d44-3add-47c6-a8f5-ee1248cd5076","e41f927f-04e6-448d-bbaa-b8da92a12748"
"f1c3baf0-40ac-4275-9a74-3bcab74c9d3d","439e6939-293c-401e-bd7d-30107e7e8a9b"
"a79c1244-9d23-436d-ac7d-8b46fdef1443","439e6939-293c-401e-bd7d-30107e7e8a9b"
"a79c1244-9d23-436d-ac7d-8b46fdef1443","72a8c4d0-7136-4b08-a35a-e2ee4260fd83"
"a3001073-4227-4d30-a73b-4ecf83a2bba8","e41f927f-04e6-448d-bbaa-b8da92a12748"
"4488a214-70f1-4756-94dd-c91280c50537","f4282f56-bfdb-4454-8a63-fd70d9e335da"
"4488a214-70f1-4756-94dd-c91280c50537","439e6939-293c-401e-bd7d-30107e7e8a9b"
"b51d7c23-c4db-46f7-b5e0-99c235833cca","e41f927f-04e6-448d-bbaa-b8da92a12748"
"b51d7c23-c4db-46f7-b5e0-99c235833cca","72a8c4d0-7136-4b08-a35a-e2ee4260fd83"
"5d724a2c-429c-4444-9ce5-e968ab204312","72a8c4d0-7136-4b08-a35a-e2ee4260fd83"
"5d724a2c-429c-4444-9ce5-e968ab204312","439e6939-293c-401e-bd7d-30107e7e8a9b"
"0cc3e62c-f29a-499f-8e00-9f4053ae478c","e41f927f-04e6-448d-bbaa-b8da92a12748"
"992e4aff-e09d-4e1a-9735-02f42291049d","439e6939-293c-401e-bd7d-30107e7e8a9b"
"4c693df3-25da-45a8-83d7-7ae7ca7566be","362cc800-ab0e-405e-928a-24be3174d8c0"
"4c693df3-25da-45a8-83d7-7ae7ca7566be","e41f927f-04e6-448d-bbaa-b8da92a12748"
"dfb9ada7-b403-4363-abf5-4c684f2ffa9e","439e6939-293c-401e-bd7d-30107e7e8a9b"
"dfb9ada7-b403-4363-abf5-4c684f2ffa9e","f4282f56-bfdb-4454-8a63-fd70d9e335da"
"119c2756-40c5-41bc-951e-4ee260ac83aa","72a8c4d0-7136-4b08-a35a-e2ee4260fd83"
"d01b0ef4-9a05-485b-8aa9-dbe2d643bf92","72a8c4d0-7136-4b08-a35a-e2ee4260fd83"
"d01b0ef4-9a05-485b-8aa9-dbe2d643bf92","e41f927f-04e6-448d-bbaa-b8da92a12748"
"9c1cb061-9a63-4faf-874a-cc11d565ce9d","e41f927f-04e6-448d-bbaa-b8da92a12748"
"da7ef933-2f52-42d0-8dff-37ca036fd423","362cc800-ab0e-405e-928a-24be3174d8c0"
"da7ef933-2f52-42d0-8dff-37ca036fd423","72a8c4d0-7136-4b08-a35a-e2ee4260fd83"
"621b1da6-a9c3-4395-8390-6747d7300de2","72a8c4d0-7136-4b08-a35a-e2ee4260fd83"
"d8265486-7a88-466f-b857-cb76d83813e4","439e6939-293c-401e-bd7d-30107e7e8a9b"
"dc34dcf8-cd39-4418-9e5f-cc3367b9bf31","362cc800-ab0e-405e-928a-24be3174d8c0"
"dc34dcf8-cd39-4418-9e5f-cc3367b9bf31","ec3d4247-eef5-48d0-a7a5-b389dd5c2b3e"
"57dfba14-f193-421e-865a-6bc4d252f038","e41f927f-04e6-448d-bbaa-b8da92a12748"
"57dfba14-f193-421e-865a-6bc4d252f038","ec3d4247-eef5-48d0-a7a5-b389dd5c2b3e"
"ad7290ba-6deb-4895-b8be-d1fa20b46f2f","ec3d4247-eef5-48d0-a7a5-b389dd5c2b3e"
"ad7290ba-6deb-4895-b8be-d1fa20b46f2f","362cc800-ab0e-405e-928a-24be3174d8c0"
"da149041-de9b-483e-b925-4460b17c57f1","e41f927f-04e6-448d-bbaa-b8da92a12748"
"da149041-de9b-483e-b925-4460b17c57f1","439e6939-293c-401e-bd7d-30107e7e8a9b"
"60735665-ecf2-42a3-aaca-2b951ea85ef0","ec3d4247-eef5-48d0-a7a5-b389dd5c2b3e"
"60735665-ecf2-42a3-aaca-2b951ea85ef0","439e6939-293c-401e-bd7d-30107e7e8a9b"
"902345a1-0fe5-41ee-ae1a-fa8dd1b16cee","439e6939-293c-401e-bd7d-30107e7e8a9b"
"902345a1-0fe5-41ee-ae1a-fa8dd1b16cee","72a8c4d0-7136-4b08-a35a-e2ee4260fd83"
"b1934596-ad7b-49d0-99b4-1103af4b1f86","e41f927f-04e6-448d-bbaa-b8da92a12748"
"f8ef452f-7f24-4f9e-a9d0-c420535224af","72a8c4d0-7136-4b08-a35a-e2ee4260fd83"
"b9e19a08-d7da-43e0-9fc5-4589ddd994ec","439e6939-293c-401e-bd7d-30107e7e8a9b"
"9512a573-2121-46fb-bb99-887c80b13c93","439e6939-293c-401e-bd7d-30107e7e8a9b"
"9512a573-2121-46fb-bb99-887c80b13c93","f4282f56-bfdb-4454-8a63-fd70d9e335da"
"6860b687-af0a-41e8-b834-2efaa692f292","362cc800-ab0e-405e-928a-24be3174d8c0"
"6860b687-af0a-41e8-b834-2efaa692f292","ec3d4247-eef5-48d0-a7a5-b389dd5c2b3e"
"d26874d2-1dd0-40ca-80f2-c27b1b50c583","e41f927f-04e6-448d-bbaa-b8da92a12748"
"8388f89d-07a9-41c6-b3bc-9fe8f7d63a1b","72a8c4d0-7136-4b08-a35a-e2ee4260fd83"
"8388f89d-07a9-41c6-b3bc-9fe8f7d63a1b","362cc800-ab0e-405e-928a-24be3174d8c0"
"fa75fed4-8d64-466d-a8c8-6cb47ce2ad5a","72a8c4d0-7136-4b08-a35a-e2ee4260fd83"
"fa75fed4-8d64-466d-a8c8-6cb47ce2ad5a","f4282f56-bfdb-4454-8a63-fd70d9e335da"
"97443e38-80fc-4747-a376-010ba39256e7","72a8c4d0-7136-4b08-a35a-e2ee4260fd83"
"a4ab5153-1934-48d2-bba9-e29977c164cd","439e6939-293c-401e-bd7d-30107e7e8a9b"
"23d85d0f-0eee-4d4d-9134-b7ecdddbc919","e41f927f-04e6-448d-bbaa-b8da92a12748"
"23d85d0f-0eee-4d4d-9134-b7ecdddbc919","ec3d4247-eef5-48d0-a7a5-b389dd5c2b3e"
"2bd34300-388c-4576-8a86-b8118fbac40a","ec3d4247-eef5-48d0-a7a5-b389dd5c2b3e"
"2bd34300-388c-4576-8a86-b8118fbac40a","439e6939-293c-401e-bd7d-30107e7e8a9b"
"a4a4fd3f-d3b4-41d9-a8eb-b6926a4087f3","e41f927f-04e6-448d-bbaa-b8da92a12748"
"a4a4fd3f-d3b4-41d9-a8eb-b6926a4087f3","f4282f56-bfdb-4454-8a63-fd70d9e335da"
"f2ecc22f-dd07-4254-ad18-5042676b2168","ec3d4247-eef5-48d0-a7a5-b389dd5c2b3e"
"d5f1d042-2f48-4d86-bba4-cc15101dd34f","362cc800-ab0e-405e-928a-24be3174d8c0"
"5c38cc1b-80d5-4b61-8661-3e729723ce6e","e41f927f-04e6-448d-bbaa-b8da92a12748"
"c769f664-70ee-48db-bae9-056129783c01","362cc800-ab0e-405e-928a-24be3174d8c0"
"c769f664-70ee-48db-bae9-056129783c01","ec3d4247-eef5-48d0-a7a5-b389dd5c2b3e"
"fed212cf-68a9-49a1-bb59-51eec4eafdb8","362cc800-ab0e-405e-928a-24be3174d8c0"
"e437a11d-ac4e-4137-86da-e443dbc6369f","72a8c4d0-7136-4b08-a35a-e2ee4260fd83"
"e437a11d-ac4e-4137-86da-e443dbc6369f","ec3d4247-eef5-48d0-a7a5-b389dd5c2b3e"
"0d930943-7c81-41e0-b3be-e2b1bfd8a188","362cc800-ab0e-405e-928a-24be3174d8c0"
"0d930943-7c81-41e0-b3be-e2b1bfd8a188","72a8c4d0-7136-4b08-a35a-e2ee4260fd83"
"b848f20c-4822-458a-a7b5-81dd57f7a464","439e6939-293c-401e-bd7d-30107e7e8a9b"
"7a42221f-0854-4ed3-8927-7aae34ddfc97","e41f927f-04e6-448d-bbaa-b8da92a12748"
"7a42221f-0854-4ed3-8927-7aae34ddfc97","362cc800-ab0e-405e-928a-24be3174d8c0"
"2aa752bd-336f-4622-9f82-71c6e8ca5c92","72a8c4d0-7136-4b08-a35a-e2ee4260fd83"
"47734342-4db1-440d-8009-91595e150954","ec3d4247-eef5-48d0-a7a5-b389dd5c2b3e"
"47734342-4db1-440d-8009-91595e150954","e41f927f-04e6-448d-bbaa-b8da92a12748"
"fbc957ec-87db-449a-89fe-34f841deae34","f4282f56-bfdb-4454-8a63-fd70d9e335da"
"fbc957ec-87db-449a-89fe-34f841deae34","362cc800-ab0e-405e-928a-24be3174d8c0"
"6b55dca3-1592-4b80-bec2-898b882f3a10","ec3d4247-eef5-48d0-a7a5-b389dd5c2b3e"
"d1058232-ae37-4d3c-b9f4-605c9202b814","f4282f56-bfdb-4454-8a63-fd70d9e335da"
"86b953e7-0c33-41fb-bc63-4907a45b27a3","ec3d4247-eef5-48d0-a7a5-b389dd5c2b3e"
"2bfb7435-fd2a-49b3-a41d-80b59d4dab03","362cc800-ab0e-405e-928a-24be3174d8c0"
"55f55dcd-85cc-4d6a-83cb-77a23ce343e7","362cc800-ab0e-405e-928a-24be3174d8c0"
"55f55dcd-85cc-4d6a-83cb-77a23ce343e7","439e6939-293c-401e-bd7d-30107e7e8a9b"
"9316f71f-2f19-4c2b-9a4d-ef5e5f80590a","ec3d4247-eef5-48d0-a7a5-b389dd5c2b3e"
"220e13ae-4414-40a5-9650-507e24ec4dcc","e41f927f-04e6-448d-bbaa-b8da92a12748"
"7551f399-aaba-4ddd-8864-a60a7b2ed2ac","ec3d4247-eef5-48d0-a7a5-b389dd5c2b3e"
"9cc1f108-c697-40ee-bf80-38e45c3fa31a","439e6939-293c-401e-bd7d-30107e7e8a9b"
"9cc1f108-c697-40ee-bf80-38e45c3fa31a","f4282f56-bfdb-4454-8a63-fd70d9e335da"
"47346d4d-00f4-4722-addf-a4170ff6763e","e41f927f-04e6-448d-bbaa-b8da92a12748"
"9f96bbef-2066-4d8c-a09d-2f71730e8b47","e41f927f-04e6-448d-bbaa-b8da92a12748"
"553d7d42-5637-4487-a653-6b9a765adb25","ec3d4247-eef5-48d0-a7a5-b389dd5c2b3e"
"553d7d42-5637-4487-a653-6b9a765adb25","e41f927f-04e6-448d-bbaa-b8da92a12748"
"286a2e25-1741-45d8-8ba5-b782fc3ad3b5","439e6939-293c-401e-bd7d-30107e7e8a9b"
"5d5113b4-c028-40c2-a539-6ec313e8d8fb","e41f927f-04e6-448d-bbaa-b8da92a12748"
"5d5113b4-c028-40c2-a539-6ec313e8d8fb","ec3d4247-eef5-48d0-a7a5-b389dd5c2b3e"
"93edf8aa-00c0-45a5-9656-07469d00a628","f4282f56-bfdb-4454-8a63-fd70d9e335da"
"1b4f5190-af7f-418b-b8f6-f1835289c668","e41f927f-04e6-448d-bbaa-b8da92a12748"
"64fc4029-da3f-4204-8344-c1fec60c72ce","ec3d4247-eef5-48d0-a7a5-b389dd5c2b3e"
"64fc4029-da3f-4204-8344-c1fec60c72ce","362cc800-ab0e-405e-928a-24be3174d8c0"
"b7cdc7ac-b7d5-4261-a86d-abf566f682b8","362cc800-ab0e-405e-928a-24be3174d8c0"
"a8eb9901-f3e2-449d-bc28-2be638fd94ae","e41f927f-04e6-448d-bbaa-b8da92a12748"
"a8eb9901-f3e2-449d-bc28-2be638fd94ae","f4282f56-bfdb-4454-8a63-fd70d9e335da"
"2eeb778c-8eb8-4063-8487-b7ace801dcca","439e6939-293c-401e-bd7d-30107e7e8a9b"
"2eeb778c-8eb8-4063-8487-b7ace801dcca","f4282f56-bfdb-4454-8a63-fd70d9e335da"
"87aa2373-bf30-4192-bdac-52960f56d28e","72a8c4d0-7136-4b08-a35a-e2ee4260fd83"
"87aa2373-bf30-4192-bdac-52960f56d28e","439e6939-293c-401e-bd7d-30107e7e8a9b"
"71b189c1-044f-440b-b8a8-9163643ec7ec","f4282f56-bfdb-4454-8a63-fd70d9e335da"
"a8571388-900d-4287-837f-d141d68de4b3","439e6939-293c-401e-bd7d-30107e7e8a9b"
"42b9c16b-d244-4371-8d51-1ff4fe11d7c8","362cc800-ab0e-405e-928a-24be3174d8c0"
"42b9c16b-d244-4371-8d51-1ff4fe11d7c8","e41f927f-04e6-448d-bbaa-b8da92a12748"
"80a82bbc-bb9c-4c06-b4b5-5e709cd22a4c","e41f927f-04e6-448d-bbaa-b8da92a12748"
"80a82bbc-bb9c-4c06-b4b5-5e709cd22a4c","f4282f56-bfdb-4454-8a63-fd70d9e335da"
"50ddd94d-31d7-48b6-8992-e53144441c4a","362cc800-ab0e-405e-928a-24be3174d8c0"
"50ddd94d-31d7-48b6-8992-e53144441c4a","f4282f56-bfdb-4454-8a63-fd70d9e335da"
"c1330c95-9b92-4f33-8978-fa8e02b95687","f4282f56-bfdb-4454-8a63-fd70d9e335da"
"dd48ae7c-07a8-4630-85b8-41030539001a","72a8c4d0-7136-4b08-a35a-e2ee4260fd83"
"dd48ae7c-07a8-4630-85b8-41030539001a","362cc800-ab0e-405e-928a-24be3174d8c0"
"cd78dba3-6e82-41a3-9a8b-9b61fdc1311f","f4282f56-bfdb-4454-8a63-fd70d9e335da"
"1bb39940-ac8c-42b8-a57d-cd3585b4f3f7","e41f927f-04e6-448d-bbaa-b8da92a12748"
"1bb39940-ac8c-42b8-a57d-cd3585b4f3f7","f4282f56-bfdb-4454-8a63-fd70d9e335da"
"1084c289-9f1c-44f6-8a37-7474890ae2fa","72a8c4d0-7136-4b08-a35a-e2ee4260fd83"
"1084c289-9f1c-44f6-8a37-7474890ae2fa","439e6939-293c-401e-bd7d-30107e7e8a9b"
"1fdfb224-82bb-46fe-b590-c7efee6fe7bb","e41f927f-04e6-448d-bbaa-b8da92a12748"
"1cfa2b30-c2de-4056-8971-012508b07d73","439e6939-293c-401e-bd7d-30107e7e8a9b"
"1cfa2b30-c2de-4056-8971-012508b07d73","f4282f56-bfdb-4454-8a63-fd70d9e335da"
"f277b001-9f9e-42b9-86ed-a33659f4ea72","e41f927f-04e6-448d-bbaa-b8da92a12748"
"f277b001-9f9e-42b9-86ed-a33659f4ea72","72a8c4d0-7136-4b08-a35a-e2ee4260fd83"
"09c467ad-c3ca-440f-a83a-ac0b8010a7bb","e41f927f-04e6-448d-bbaa-b8da92a12748"
"09c467ad-c3ca-440f-a83a-ac0b8010a7bb","ec3d4247-eef5-48d0-a7a5-b389dd5c2b3e"
"b1d3f67c-7338-465c-92d1-2a2fb2e7c638","ec3d4247-eef5-48d0-a7a5-b389dd5c2b3e"
"367c32eb-136b-4382-8e6a-6e2800b0ae1f","ec3d4247-eef5-48d0-a7a5-b389dd5c2b3e"
"367c32eb-136b-4382-8e6a-6e2800b0ae1f","362cc800-ab0e-405e-928a-24be3174d8c0"
"5a6c6f97-acf7-482e-96fb-d1f3d995cb04","72a8c4d0-7136-4b08-a35a-e2ee4260fd83"
"5a6c6f97-acf7-482e-96fb-d1f3d995cb04","439e6939-293c-401e-bd7d-30107e7e8a9b"
"4f29713a-bbc7-4023-8ea0-a91977bcd302","e41f927f-04e6-448d-bbaa-b8da92a12748"
"702931aa-c953-4874-b54f-05bbb29168fc","e41f927f-04e6-448d-bbaa-b8da92a12748"
"6baf8810-b606-430b-b863-4101efb5b492","ec3d4247-eef5-48d0-a7a5-b389dd5c2b3e"
"6baf8810-b606-430b-b863-4101efb5b492","439e6939-293c-401e-bd7d-30107e7e8a9b"
"dd616b84-cf56-4047-b466-0dc5bb1da224","362cc800-ab0e-405e-928a-24be3174d8c0"
"7ab70c9c-3bd1-4348-8594-3a4495b49d4d","ec3d4247-eef5-48d0-a7a5-b389dd5c2b3e"
"c49ec3ac-9822-4339-850f-6e5afd6455b2","e41f927f-04e6-448d-bbaa-b8da92a12748"
"2a9da31c-e310-48df-9a4a-e9b9f2d18fe5","362cc800-ab0e-405e-928a-24be3174d8c0"
"663955a8-1257-46b1-b5de-85749103133d","439e6939-293c-401e-bd7d-30107e7e8a9b"
"9d4f49f8-acb4-43c1-8c49-e0147d37991e","439e6939-293c-401e-bd7d-30107e7e8a9b"
"9d4f49f8-acb4-43c1-8c49-e0147d37991e","f4282f56-bfdb-4454-8a63-fd70d9e335da"
"c654ceab-cfb8-430e-a712-252d888eb12b","72a8c4d0-7136-4b08-a35a-e2ee4260fd83"
"c18c49af-4be2-4071-be57-9924d426f3d4","ec3d4247-eef5-48d0-a7a5-b389dd5c2b3e"
"c9fb7f58-aed8-4355-80ec-b7b473e9037e","e41f927f-04e6-448d-bbaa-b8da92a12748"
"c9fb7f58-aed8-4355-80ec-b7b473e9037e","362cc800-ab0e-405e-928a-24be3174d8c0"
"fcf230ab-7741-495c-82b2-b196b099ea52","e41f927f-04e6-448d-bbaa-b8da92a12748"
"fcf230ab-7741-495c-82b2-b196b099ea52","362cc800-ab0e-405e-928a-24be3174d8c0"
"f0898e3a-cb6d-4e3d-a378-2d2cd938aa45","f4282f56-bfdb-4454-8a63-fd70d9e335da"
"38eead2b-9090-4cc2-8fff-00b45cec8821","e41f927f-04e6-448d-bbaa-b8da92a12748"
"a9c05435-20b5-44af-8a71-ac607d295771","362cc800-ab0e-405e-928a-24be3174d8c0"
"a9c05435-20b5-44af-8a71-ac607d295771","e41f927f-04e6-448d-bbaa-b8da92a12748"
"e3378107-0c84-4757-b239-94de03cf9f2b","362cc800-ab0e-405e-928a-24be3174d8c0"
"e3378107-0c84-4757-b239-94de03cf9f2b","e41f927f-04e6-448d-bbaa-b8da92a12748"
"e39fa0f6-480f-4266-b46b-b48143c13c34","f4282f56-bfdb-4454-8a63-fd70d9e335da"
"e39fa0f6-480f-4266-b46b-b48143c13c34","439e6939-293c-401e-bd7d-30107e7e8a9b"
"6e4a1aa8-c07b-4752-875a-7819b6924d8e","72a8c4d0-7136-4b08-a35a-e2ee4260fd83"
"6e4a1aa8-c07b-4752-875a-7819b6924d8e","362cc800-ab0e-405e-928a-24be3174d8c0"
"e6450795-b12b-40be-992a-3ae619839b24","f4282f56-bfdb-4454-8a63-fd70d9e335da"
"e6450795-b12b-40be-992a-3ae619839b24","362cc800-ab0e-405e-928a-24be3174d8c0"
"dd159d41-193d-4369-9e1b-815c0a2921f5","e41f927f-04e6-448d-bbaa-b8da92a12748"
"71ec1edf-8b7d-46b9-97a5-e5e2f63a2474","72a8c4d0-7136-4b08-a35a-e2ee4260fd83"
"c42e2594-6c3e-4e68-a2bb-ef160a826e5c","362cc800-ab0e-405e-928a-24be3174d8c0"
"c42e2594-6c3e-4e68-a2bb-ef160a826e5c","72a8c4d0-7136-4b08-a35a-e2ee4260fd83"
"853cb36b-b482-4d6c-aaaf-3ce50d283f9c","ec3d4247-eef5-48d0-a7a5-b389dd5c2b3e"
"5ea606f8-84f4-4094-99aa-e32cbc750cc7","e41f927f-04e6-448d-bbaa-b8da92a12748"
"5ea606f8-84f4-4094-99aa-e32cbc750cc7","72a8c4d0-7136-4b08-a35a-e2ee4260fd83"
"fb8aaa60-72cd-420f-838f-91f6f5ce84f5","f4282f56-bfdb-4454-8a63-fd70d9e335da"
"fb8aaa60-72cd-420f-838f-91f6f5ce84f5","ec3d4247-eef5-48d0-a7a5-b389dd5c2b3e"
"58e943f1-0764-4ea3-8b05-4325a198ad8d","ec3d4247-eef5-48d0-a7a5-b389dd5c2b3e"
"58e943f1-0764-4ea3-8b05-4325a198ad8d","362cc800-ab0e-405e-928a-24be3174d8c0"
"ff8a9b07-d365-4739-b8f1-a76d64860c75","72a8c4d0-7136-4b08-a35a-e2ee4260fd83"
"ee0e69da-5217-47e8-a17b-8691be745a99","72a8c4d0-7136-4b08-a35a-e2ee4260fd83"
"ed0e698f-9afa-4c32-85ba-b050c1abe251","e41f927f-04e6-448d-bbaa-b8da92a12748"
"e22aaa3a-3ca4-4f98-8515-b144a1606cb2","72a8c4d0-7136-4b08-a35a-e2ee4260fd83"
"d5a5009b-02ea-48a0-abdb-40fce8ccca18","e41f927f-04e6-448d-bbaa-b8da92a12748"
"af101223-978b-44b9-8e27-cf9f62771c21","e41f927f-04e6-448d-bbaa-b8da92a12748"
"af101223-978b-44b9-8e27-cf9f62771c21","362cc800-ab0e-405e-928a-24be3174d8c0"
"fe5ddb4c-79dc-4719-be32-545b51febba6","72a8c4d0-7136-4b08-a35a-e2ee4260fd83"
"fe5ddb4c-79dc-4719-be32-545b51febba6","f4282f56-bfdb-4454-8a63-fd70d9e335da"
"f5f989d9-e2b1-42c2-9076-cdf0b5830984","72a8c4d0-7136-4b08-a35a-e2ee4260fd83"
"a75e4dfe-cd06-4a1a-b5d9-2dade2fbb47b","ec3d4247-eef5-48d0-a7a5-b389dd5c2b3e"
"a75e4dfe-cd06-4a1a-b5d9-2dade2fbb47b","f4282f56-bfdb-4454-8a63-fd70d9e335da"
"1d1c59c2-b4b1-4e61-b4c2-75febd7856e7","f4282f56-bfdb-4454-8a63-fd70d9e335da"
"1d1c59c2-b4b1-4e61-b4c2-75febd7856e7","72a8c4d0-7136-4b08-a35a-e2ee4260fd83"
"257a3b17-954e-4092-acda-c0c433922124","72a8c4d0-7136-4b08-a35a-e2ee4260fd83"
"f19828e7-3acb-4021-80cd-5302e8cb8be2","e41f927f-04e6-448d-bbaa-b8da92a12748"
"f19828e7-3acb-4021-80cd-5302e8cb8be2","ec3d4247-eef5-48d0-a7a5-b389dd5c2b3e"
"fe3de87e-9685-41c9-974f-21d0cceeebcc","e41f927f-04e6-448d-bbaa-b8da92a12748"
"fe3de87e-9685-41c9-974f-21d0cceeebcc","439e6939-293c-401e-bd7d-30107e7e8a9b"
"f1fe6535-5240-4dab-bf56-15f72e2bfd71","f4282f56-bfdb-4454-8a63-fd70d9e335da"
"f1fe6535-5240-4dab-bf56-15f72e2bfd71","72a8c4d0-7136-4b08-a35a-e2ee4260fd83"
"c5e91740-b235-4bda-9493-c3d0da4c4e03","e41f927f-04e6-448d-bbaa-b8da92a12748"
"c5e91740-b235-4bda-9493-c3d0da4c4e03","362cc800-ab0e-405e-928a-24be3174d8c0"
"f6735fee-9be3-4c60-86ee-97dc9367058a","362cc800-ab0e-405e-928a-24be3174d8c0"
"f6735fee-9be3-4c60-86ee-97dc9367058a","f4282f56-bfdb-4454-8a63-fd70d9e335da"
"f713462d-04d0-43f8-9893-875b8f372517","362cc800-ab0e-405e-928a-24be3174d8c0"
"f713462d-04d0-43f8-9893-875b8f372517","f4282f56-bfdb-4454-8a63-fd70d9e335da"
"05519b2a-c1be-4dfc-b41f-306fcf329793","72a8c4d0-7136-4b08-a35a-e2ee4260fd83"
"dd6e7488-fe03-4df5-a871-b70831786ce7","e41f927f-04e6-448d-bbaa-b8da92a12748"
"dd6e7488-fe03-4df5-a871-b70831786ce7","72a8c4d0-7136-4b08-a35a-e2ee4260fd83"
"a21af72d-e3f5-4b6a-adad-77ce1379a9eb","f4282f56-bfdb-4454-8a63-fd70d9e335da"
"e1cea21a-8697-4a52-a6dc-4cd539e03e51","439e6939-293c-401e-bd7d-30107e7e8a9b"
"20f87fd0-a42a-4759-8680-b6ac17e94368","ec3d4247-eef5-48d0-a7a5-b389dd5c2b3e"
"20f87fd0-a42a-4759-8680-b6ac17e94368","e41f927f-04e6-448d-bbaa-b8da92a12748"
"690e4a67-83f7-407a-989d-6fa2c6c81de2","72a8c4d0-7136-4b08-a35a-e2ee4260fd83"
"40379fe4-b904-4dbc-adc5-af150e55b6fc","f4282f56-bfdb-4454-8a63-fd70d9e335da"
"f10bd4a5-af82-4b96-a07d-087d5a46300b","439e6939-293c-401e-bd7d-30107e7e8a9b"
"8ac47305-6dc7-40a7-8e92-980e79741611","439e6939-293c-401e-bd7d-30107e7e8a9b"
"48ef7b6e-ec99-4928-bf8b-5db2a861335d","72a8c4d0-7136-4b08-a35a-e2ee4260fd83"
"d39a12ef-3fcc-4ade-84e1-e160c8fb0db7","439e6939-293c-401e-bd7d-30107e7e8a9b"
"d39a12ef-3fcc-4ade-84e1-e160c8fb0db7","ec3d4247-eef5-48d0-a7a5-b389dd5c2b3e"
"96debd00-2488-44d7-82e8-4691048a5e21","362cc800-ab0e-405e-928a-24be3174d8c0"
"d448ca4b-df94-4c0e-acd8-737251568b42","ec3d4247-eef5-48d0-a7a5-b389dd5c2b3e"
"9c7322a0-e5c5-45fc-ad36-9405c468b73a","f4282f56-bfdb-4454-8a63-fd70d9e335da"
"2dc1b0ba-0126-49d6-8c17-2c0b7cca1b44","e41f927f-04e6-448d-bbaa-b8da92a12748"
"2dc1b0ba-0126-49d6-8c17-2c0b7cca1b44","72a8c4d0-7136-4b08-a35a-e2ee4260fd83"
"1b0f88ce-59fe-4081-9352-b1aa919deb65","72a8c4d0-7136-4b08-a35a-e2ee4260fd83"
"b6d48fff-a7b4-424f-9b1a-ad02a318e83d","ec3d4247-eef5-48d0-a7a5-b389dd5c2b3e"
"b6d48fff-a7b4-424f-9b1a-ad02a318e83d","e41f927f-04e6-448d-bbaa-b8da92a12748"
"7746e513-d7aa-4216-9e19-b80bae565c3d","439e6939-293c-401e-bd7d-30107e7e8a9b"
"7746e513-d7aa-4216-9e19-b80bae565c3d","72a8c4d0-7136-4b08-a35a-e2ee4260fd83"
"53a30290-a877-4114-bc92-3a6d8f11dca7","362cc800-ab0e-405e-928a-24be3174d8c0"
"809481af-c967-444e-b03d-b2cc94fa6a97","362cc800-ab0e-405e-928a-24be3174d8c0"
"8303ca70-1f81-4464-a057-e82dc5634834","ec3d4247-eef5-48d0-a7a5-b389dd5c2b3e"
"8303ca70-1f81-4464-a057-e82dc5634834","72a8c4d0-7136-4b08-a35a-e2ee4260fd83"
"24b7ca36-3049-41c9-9c38-d652016e418c","439e6939-293c-401e-bd7d-30107e7e8a9b"
"24b7ca36-3049-41c9-9c38-d652016e418c","f4282f56-bfdb-4454-8a63-fd70d9e335da"
"abc75594-d16b-4794-9116-e6e354067a2f","f4282f56-bfdb-4454-8a63-fd70d9e335da"
"2e6a3c1e-a7ef-4c4b-89c5-53d803630054","72a8c4d0-7136-4b08-a35a-e2ee4260fd83"
"b0b215c6-327b-4eef-a0a5-6afca53cd778","e41f927f-04e6-448d-bbaa-b8da92a12748"
"b0b215c6-327b-4eef-a0a5-6afca53cd778","f4282f56-bfdb-4454-8a63-fd70d9e335da"
"e5c6c38e-f8ab-4e92-b2f3-267f1396a8f7","362cc800-ab0e-405e-928a-24be3174d8c0"
"e5c6c38e-f8ab-4e92-b2f3-267f1396a8f7","439e6939-293c-401e-bd7d-30107e7e8a9b"
"ca723274-1750-43b5-b708-528cb4b8e80e","e41f927f-04e6-448d-bbaa-b8da92a12748"
"f54eb369-6cdf-4f63-8a50-97acafbb31c3","ec3d4247-eef5-48d0-a7a5-b389dd5c2b3e"
"11a1ad98-d092-4a93-b069-a1fee01f9a9e","e41f927f-04e6-448d-bbaa-b8da92a12748"
"ca9404db-f725-4644-aba0-319fef230d00","ec3d4247-eef5-48d0-a7a5-b389dd5c2b3e"
"ca9404db-f725-4644-aba0-319fef230d00","362cc800-ab0e-405e-928a-24be3174d8c0"
"99463f3c-9fea-4595-be75-78c581843e58","362cc800-ab0e-405e-928a-24be3174d8c0"
"243a5d23-71bf-469c-8d38-9da31fef8e2b","f4282f56-bfdb-4454-8a63-fd70d9e335da"
"243a5d23-71bf-469c-8d38-9da31fef8e2b","439e6939-293c-401e-bd7d-30107e7e8a9b"
"66710557-babf-4d8b-8fab-ad393599b0cc","e41f927f-04e6-448d-bbaa-b8da92a12748"
"66710557-babf-4d8b-8fab-ad393599b0cc","72a8c4d0-7136-4b08-a35a-e2ee4260fd83"
"d1f375e9-4c8c-4941-9906-3636b51705e7","439e6939-293c-401e-bd7d-30107e7e8a9b"
"d1f375e9-4c8c-4941-9906-3636b51705e7","f4282f56-bfdb-4454-8a63-fd70d9e335da"
"b0757491-d5a0-41dd-82ae-65b253dd0bea","439e6939-293c-401e-bd7d-30107e7e8a9b"
"a852c27d-5294-4fae-8061-b397f9956a5a","e41f927f-04e6-448d-bbaa-b8da92a12748"
"b208694e-b259-4ed8-8c69-e189decfd870","439e6939-293c-401e-bd7d-30107e7e8a9b"
"b208694e-b259-4ed8-8c69-e189decfd870","72a8c4d0-7136-4b08-a35a-e2ee4260fd83"
"6bd26a22-8ad7-4e51-b2e5-5aa2b89086cc","439e6939-293c-401e-bd7d-30107e7e8a9b"
"6bd26a22-8ad7-4e51-b2e5-5aa2b89086cc","e41f927f-04e6-448d-bbaa-b8da92a12748"
"2d3d39c0-d1b3-470a-8a0c-b2315951b0d7","ec3d4247-eef5-48d0-a7a5-b389dd5c2b3e"
"2d3d39c0-d1b3-470a-8a0c-b2315951b0d7","439e6939-293c-401e-bd7d-30107e7e8a9b"
"d8352050-e852-4334-84fe-32ebe20362bb","ec3d4247-eef5-48d0-a7a5-b389dd5c2b3e"
"d8352050-e852-4334-84fe-32ebe20362bb","e41f927f-04e6-448d-bbaa-b8da92a12748"
"8e6c5e60-adca-468d-87fd-baf66e725703","72a8c4d0-7136-4b08-a35a-e2ee4260fd83"
"6050fbe8-61eb-4567-9431-407ae962c82e","439e6939-293c-401e-bd7d-30107e7e8a9b"
"91f029fb-5c0f-4da9-923e-f858fe0e977a","362cc800-ab0e-405e-928a-24be3174d8c0"
"36e7fb91-5b58-416d-bb13-6225eca6ff2a","ec3d4247-eef5-48d0-a7a5-b389dd5c2b3e"
"36e7fb91-5b58-416d-bb13-6225eca6ff2a","72a8c4d0-7136-4b08-a35a-e2ee4260fd83"
"36910aa7-e51d-47f0-82c6-55daeb3cb6eb","e41f927f-04e6-448d-bbaa-b8da92a12748"
"36910aa7-e51d-47f0-82c6-55daeb3cb6eb","72a8c4d0-7136-4b08-a35a-e2ee4260fd83"
"aeeaed25-76aa-4674-8098-fffe6031e606","72a8c4d0-7136-4b08-a35a-e2ee4260fd83"
"aeeaed25-76aa-4674-8098-fffe6031e606","f4282f56-bfdb-4454-8a63-fd70d9e335da"
"68bacf3b-783d-40bf-a372-4b5395c32780","439e6939-293c-401e-bd7d-30107e7e8a9b"
"fadc42d7-6a26-4983-a6a7-dc04cf089b46","e41f927f-04e6-448d-bbaa-b8da92a12748"
"9477db0d-01ff-4e0d-b15b-3dd78b141b70","439e6939-293c-401e-bd7d-30107e7e8a9b"
"9477db0d-01ff-4e0d-b15b-3dd78b141b70","ec3d4247-eef5-48d0-a7a5-b389dd5c2b3e"
"fe27e2ef-ebb2-4c2b-b5ec-74600e5ecafb","439e6939-293c-401e-bd7d-30107e7e8a9b"
"6594d787-5421-4626-9b1c-d092f88ca3cd","72a8c4d0-7136-4b08-a35a-e2ee4260fd83"
"6594d787-5421-4626-9b1c-d092f88ca3cd","ec3d4247-eef5-48d0-a7a5-b389dd5c2b3e"
"4b4041fe-e401-496f-8772-570859720f59","362cc800-ab0e-405e-928a-24be3174d8c0"
"4b4041fe-e401-496f-8772-570859720f59","439e6939-293c-401e-bd7d-30107e7e8a9b"
"d694d41a-e766-409d-b24f-a17487164732","72a8c4d0-7136-4b08-a35a-e2ee4260fd83"
"bc37aa3b-c212-4eb9-b332-de2c7273b868","ec3d4247-eef5-48d0-a7a5-b389dd5c2b3e"
"4a28b14b-31d4-41b5-aee6-d24e1596c7eb","72a8c4d0-7136-4b08-a35a-e2ee4260fd83"
"a939d85f-9fb1-4a3a-bd7e-bff0cd7239c4","e41f927f-04e6-448d-bbaa-b8da92a12748"
"31fc4ced-2bec-4707-bda3-25b7671f3210","ec3d4247-eef5-48d0-a7a5-b389dd5c2b3e"
"31fc4ced-2bec-4707-bda3-25b7671f3210","f4282f56-bfdb-4454-8a63-fd70d9e335da"
"7d159023-2c42-4d46-9e38-5b6efc1c9eb4","362cc800-ab0e-405e-928a-24be3174d8c0"
"7d159023-2c42-4d46-9e38-5b6efc1c9eb4","72a8c4d0-7136-4b08-a35a-e2ee4260fd83"
"851065f6-6cb4-4434-b2cf-0af39792f9f8","e41f927f-04e6-448d-bbaa-b8da92a12748"
"f01a7945-6f3c-4a0b-9b73-191bcd73d3ec","e41f927f-04e6-448d-bbaa-b8da92a12748"
"89b89920-8677-4a1a-b64e-4c3fed2b102e","362cc800-ab0e-405e-928a-24be3174d8c0"
"041c38a9-29f2-4a4f-ac61-f37ca96bb9ee","362cc800-ab0e-405e-928a-24be3174d8c0"
"041c38a9-29f2-4a4f-ac61-f37ca96bb9ee","f4282f56-bfdb-4454-8a63-fd70d9e335da"
"43d474da-b306-4a59-a382-af0c0620bde8","362cc800-ab0e-405e-928a-24be3174d8c0"
"43d474da-b306-4a59-a382-af0c0620bde8","439e6939-293c-401e-bd7d-30107e7e8a9b"
"a94111cd-8a9b-4ca0-aabb-48e5b3ca7992","ec3d4247-eef5-48d0-a7a5-b389dd5c2b3e"
"a94111cd-8a9b-4ca0-aabb-48e5b3ca7992","439e6939-293c-401e-bd7d-30107e7e8a9b"
"b8ec58d8-3b77-4b5e-bf3f-4c3ba5086e1f","f4282f56-bfdb-4454-8a63-fd70d9e335da"
"b133530f-3019-43ac-aa70-4b9fcc04d7d1","72a8c4d0-7136-4b08-a35a-e2ee4260fd83"
"8c0176fa-24fc-440b-964f-0d772f35dddc","ec3d4247-eef5-48d0-a7a5-b389dd5c2b3e"
"8c0176fa-24fc-440b-964f-0d772f35dddc","362cc800-ab0e-405e-928a-24be3174d8c0"
"edddeb33-8ab7-4b36-9d4c-aebef7a5bdab","362cc800-ab0e-405e-928a-24be3174d8c0"
"f68777e3-9502-4b34-b818-f5f81bfa5ee5","e41f927f-04e6-448d-bbaa-b8da92a12748"
"4dc1bb6d-b8a7-4968-870d-1115720291cb","e41f927f-04e6-448d-bbaa-b8da92a12748"